,id,name,path
0,cat_id_2424,"Clôture, grillage et brise vue",/jardin-et-terrasse/cloture-panneau-grillage-brise-vue/cat_id_2424.cat
1,cat_id_3267,Terrasse et sol extérieur,/jardin-et-terrasse/terrasse-et-sol-exterieur/cat_id_3267.cat
2,cat_id_2,"Abri de jardin, garage, carport, bûcher et rangement",/jardin-et-terrasse/abri-de-jardin-garage-carport-et-rangement/cat_id_2.cat
3,cat_id_3404,"Portail, portillon et porte de garage",/jardin-et-terrasse/portail-portillon-porte-de-garage-et-motorisation/cat_id_3404.cat
4,cat_id_1112,Luminaire et éclairage extérieur,/luminaire-et-eclairage/luminaire-et-eclairage-exterieur/cat_id_1112.cat
5,cat_id_1290,"Arche, treillage et décoration du jardin",/jardin-et-terrasse/fontaine-statue-et-decoration-du-jardin/cat_id_1290.cat
6,cat_id_1385,Étendoir à linge extérieur,/jardin-et-terrasse/abri-de-jardin-garage-carport-et-rangement/etendoir-a-linge/cat_id_1385.cat
7,cat_id_1402,Salon bas de jardin,/jardin-et-terrasse/salon-de-jardin-table-chaise-et-fauteuil-de-jardin/salon-bas-de-jardin/cat_id_1402.cat
8,cat_id_1578,Table de jardin,/jardin-et-terrasse/salon-de-jardin-table-chaise-et-fauteuil-de-jardin/table-de-jardin/cat_id_1578.cat
9,cat_id_1548,Chaise et fauteuil de jardin,/jardin-et-terrasse/salon-de-jardin-table-chaise-et-fauteuil-de-jardin/chaise-et-fauteuil-de-jardin/cat_id_1548.cat
10,cat_id_2181,Piscine et spa,/jardin-et-terrasse/piscine-et-spa/cat_id_2181.cat
11,cat_id_146,Barbecue et plancha,/jardin-et-terrasse/barbecue-et-plancha/cat_id_146.cat
12,cat_id_1955,Tonnelle et pergola,/jardin-et-terrasse/parasol-tonnelle-store-de-terrasse-et-voile-d-ombrage/tonnelle/cat_id_1955.cat
13,cat_id_1530,Bain de soleil et transat,/jardin-et-terrasse/salon-de-jardin-table-chaise-et-fauteuil-de-jardin/bain-de-soleil-hamac-et-transat/cat_id_1530.cat
14,cat_id_1277,Jeux d'extérieur pour enfant,/jardin-et-terrasse/balancoire-trampoline-et-toboggan/cat_id_1277.cat
15,cat_id_1963,Store banne,/jardin-et-terrasse/parasol-tonnelle-store-de-terrasse-et-voile-d-ombrage/store-banne/cat_id_1963.cat
16,cat_id_0002248,Loisir extérieur,/loisir-exterieur/cat_id_0002248.cat
17,cat_id_1456,Entretenir votre jardin,/jardin-et-terrasse/tondeuse-et-outil-motorise/cat_id_1456.cat
18,cat_id_1498,Tondeuse et tracteur tondeuse,/jardin-et-terrasse/tondeuse-et-outil-motorise/tondeuse-robot-tondeuse-et-tondeuse-autoportee/cat_id_1498.cat
19,cat_id_1725,Nettoyeur haute pression,/jardin-et-terrasse/tondeuse-et-outil-motorise/nettoyeur-haute-pression/cat_id_1725.cat
20,cat_id_1493,Taille-haie,/jardin-et-terrasse/tondeuse-et-outil-motorise/taille-haie/cat_id_1493.cat
21,cat_id_1470,Débroussailleuse,/jardin-et-terrasse/tondeuse-et-outil-motorise/debroussailleuse/cat_id_1470.cat
22,cat_id_1465,Coupe-bordure,/jardin-et-terrasse/tondeuse-et-outil-motorise/coupe-bordure/cat_id_1465.cat
23,cat_id_1514,Tronçonneuse et élagueuse,/jardin-et-terrasse/tondeuse-et-outil-motorise/tronconneuse-et-elagueuse/cat_id_1514.cat
24,cat_id_1461,Broyeur de végétaux,/jardin-et-terrasse/tondeuse-et-outil-motorise/broyeur-de-vegetaux/cat_id_1461.cat
25,cat_id_1457,Aspirateur et souffleur,/jardin-et-terrasse/tondeuse-et-outil-motorise/aspirateur-et-souffleur/cat_id_1457.cat
26,cat_id_5443,Huile et carburant pour moteur,/jardin-et-terrasse/tondeuse-et-outil-motorise/huile-piece-de-rechange-et-accessoire-pour-outil-motorise/huile-pour-moteur/cat_id_5443.cat
27,cat_id_2550,Accessoire pour outil motorisé,/jardin-et-terrasse/tondeuse-et-outil-motorise/huile-piece-de-rechange-et-accessoire-pour-outil-motorise/cat_id_2550.cat
28,cat_id_1379,Outil à main de jardin,/jardin-et-terrasse/outil-entretien-et-materiel-du-jardin/cat_id_1379.cat
29,cat_id_131,Récupérateur d'eau de pluie,/jardin-et-terrasse/arrosage-pompe-et-recuperateur-d-eau/recuperateur-d-eau-de-pluie/cat_id_131.cat
30,cat_id_30,Arrosage et pompe à eau,/jardin-et-terrasse/arrosage-pompe-et-recuperateur-d-eau/cat_id_30.cat
31,cat_id_869,"Pot de fleurs, bac et jardinière",/jardin-et-terrasse/pot-de-fleurs-bac-jardiniere-et-carre-potager/cat_id_869.cat
32,cat_id_899,Carré potager,/jardin-et-terrasse/pot-de-fleurs-bac-jardiniere-et-carre-potager/carre-potager/cat_id_899.cat
33,cat_id_5454,Serre de jardin et protection des plantes,/jardin-et-terrasse/serre-de-jardin-tunnel-et-voile-d-hivernage/cat_id_5454.cat
34,cat_id_3498,"Paillage, gazon, semence et traitement des plantes",/jardin-et-terrasse/terreau-gazon-traitement-vegetal-semence/cat_id_3498.cat
35,cat_id_1390,Composteur,/jardin-et-terrasse/outil-entretien-et-materiel-du-jardin/composteur-et-incinerateur/cat_id_1390.cat
36,cat_id_3499,Produit anti-nuisibles,/jardin-et-terrasse/terreau-gazon-traitement-vegetal-semence/produit-anti-nuisibles-et-repulsif-du-jardin/cat_id_3499.cat
37,cat_id_4227,Plante d'intérieur et extérieur,/jardin-et-terrasse/terreau-gazon-traitement-vegetal-semence/plantes/cat_id_4227.cat
38,cat_id_23,Animalerie,/jardin-et-terrasse/abri-de-jardin-garage-carport-et-rangement/niche-poulailler-abri-et-nourriture-pour-animaux/cat_id_23.cat
39,cat_id_5511,"Niche, poulailler et abri pour animaux",/jardin-et-terrasse/abri-de-jardin-garage-carport-et-rangement/niche-poulailler-abri-et-nourriture-pour-animaux/abri-pour-animaux/cat_id_5511.cat
40,cat_id_5508,Alimentation pour animaux,/jardin-et-terrasse/abri-de-jardin-garage-carport-et-rangement/niche-poulailler-abri-et-nourriture-pour-animaux/alimentation-pour-animaux/cat_id_5508.cat
41,cat_id_5510,Jouet et accessoire pour animaux,/jardin-et-terrasse/abri-de-jardin-garage-carport-et-rangement/niche-poulailler-abri-et-nourriture-pour-animaux/jouet-et-accessoire-pour-animaux/cat_id_5510.cat
42,cat_id_5509,Hygiène pour animaux,/jardin-et-terrasse/abri-de-jardin-garage-carport-et-rangement/niche-poulailler-abri-et-nourriture-pour-animaux/hygiene-et-soin-pour-animaux/cat_id_5509.cat
43,cat_id_826,Cuisine et électroménager,/cuisine/cat_id_826.cat
44,cat_id_5085,Meuble de cuisine,/cuisine/meuble-de-cuisine/cat_id_5085.cat
45,cat_id_5495,Nos collections cuisine,/cuisine/modeles-de-cuisine/cat_id_5495.cat
46,cat_id_0002253,Meuble de cuisine complet,/meuble-de-cuisine-complet/cat_id_0002253.cat
47,cat_id_5089,Caisson de cuisine,/cuisine/meuble-de-cuisine/caisson-de-cuisine/cat_id_5089.cat
48,cat_id_5088,Façade de cuisine,/cuisine/meuble-de-cuisine/facade-de-cuisine/cat_id_5088.cat
49,cat_id_5436,Accessoire de fixation de meubles de cuisine,/cuisine/meuble-de-cuisine/accessoire-de-fixation-de-meubles-de-cuisine/cat_id_5436.cat
50,cat_id_5435,Poignée porte de cuisine,/cuisine/meuble-de-cuisine/poignee-de-cuisine/cat_id_5435.cat
51,cat_id_768,Rangement placard de cuisine,/cuisine/rangement-et-accessoire-de-cuisine/rangement-interieur-de-cuisine/cat_id_768.cat
52,cat_id_4365,"Plan de travail, crédence et fond de hotte",/cuisine/plan-de-travail-credence-et-fond-de-hotte/cat_id_4365.cat
53,cat_id_857,Plan de travail,/cuisine/plan-de-travail-credence-et-fond-de-hotte/plan-de-travail/cat_id_857.cat
54,cat_id_4088,Crédence de cuisine,/cuisine/plan-de-travail-credence-et-fond-de-hotte/credence-et-fond-de-hotte/cat_id_4088.cat
55,cat_id_0002100,Fond de hotte,/cuisine/plan-de-travail-et-credence/credence-et-fond-de-hotte/fond-de-hotte/cat_id_0002100.cat
56,cat_id_4089,Profil de finition plan de travail,/cuisine/plan-de-travail-credence-et-fond-de-hotte/profil-de-finition-et-bande-de-chant/cat_id_4089.cat
57,cat_id_763,Barre de crédence et accessoires à fixer,/cuisine/plan-de-travail-credence-et-fond-de-hotte/barre-de-credence-et-accessoires-a-fixer/cat_id_763.cat
58,cat_id_4087,Pied de table,/cuisine/plan-de-travail-credence-et-fond-de-hotte/pied-de-table/cat_id_4087.cat
59,cat_id_5062,Plan de travail sur-mesure,/cuisine/plan-de-travail-credence-et-fond-de-hotte/plan-de-travail-sur-mesure/cat_id_5062.cat
60,cat_id_3344,Evier et robinet de cuisine,/cuisine/evier-et-robinet-de-cuisine/cat_id_3344.cat
61,cat_id_838,Evier de cuisine,/cuisine/evier-et-robinet-de-cuisine/evier-de-cuisine/cat_id_838.cat
62,cat_id_865,Robinet de cuisine,/cuisine/evier-et-robinet-de-cuisine/robinet-de-cuisine/cat_id_865.cat
63,cat_id_2374,Evacuation d'évier,/plomberie/evacuation-des-eaux/evacuation-d-evier-siphon-et-bouchon/cat_id_2374.cat
64,cat_id_757,Accessoire d'évier,/cuisine/rangement-et-accessoire-de-cuisine/accessoire-d-evier/cat_id_757.cat
65,cat_id_3402,Accessoire de robinet,/salle-de-bains-et-wc/robinet-de-salle-de-bains/accessoire-robinet-salle-de-bains/cat_id_3402.cat
66,cat_id_827,Electroménager,/cuisine/electromenager/cat_id_827.cat
67,cat_id_830,Hotte aspirante,/cuisine/electromenager/hotte/cat_id_830.cat
68,cat_id_832,Plaque de cuisson,/cuisine/electromenager/plaque-de-cuisson/cat_id_832.cat
69,cat_id_829,Four encastrable,/cuisine/electromenager/four/cat_id_829.cat
70,cat_id_833,Réfrigérateur et congélateur,/cuisine/electromenager/refrigerateur-et-congelateur/cat_id_833.cat
71,cat_id_831,Lave-vaisselle,/cuisine/electromenager/lave-vaisselle/cat_id_831.cat
72,cat_id_5493,Lave-linge et sèche-linge,/cuisine/electromenager/lave-linge-et-seche-linge/cat_id_5493.cat
73,cat_id_3931,Micro-ondes,/cuisine/electromenager/micro-ondes/cat_id_3931.cat
74,cat_id_0001085,Petit électroménager,/cuisine/electromenager/petit-electromenager/cat_id_0001085.cat
75,cat_id_0001348,Cave à vin,/cuisine/electromenager/cave-a-vin/cat_id_0001348.cat
76,cat_id_853,Cuisine complète et  kitchenette,/cuisine/cuisine-complete-kitchenette-et-meuble-sous-evier/cat_id_853.cat
77,cat_id_856,Cuisine complète,/cuisine/cuisine-complete-kitchenette-et-meuble-sous-evier/cuisine-complete/cat_id_856.cat
78,cat_id_852,Cuisine 1er prix et meuble sous évier,/cuisine/cuisine-complete-kitchenette-et-meuble-sous-evier/cuisine-1er-prix-et-meuble-sous-evier/cat_id_852.cat
79,cat_id_851,Kitchenette,/cuisine/cuisine-complete-kitchenette-et-meuble-sous-evier/kitchenette/cat_id_851.cat
80,cat_id_4400,Rangement et accessoire de cuisine,/cuisine/rangement-et-accessoire-de-cuisine/cat_id_4400.cat
81,cat_id_834,Poubelle de cuisine,/cuisine/poubelle-de-cuisine/cat_id_834.cat
82,cat_id_5430,Rangement couverts,/cuisine/rangement-et-accessoire-de-cuisine/range-couverts/cat_id_5430.cat
83,cat_id_3186,Accessoire de cuisine,/cuisine/rangement-et-accessoire-de-cuisine/accessoire-de-cuisine/cat_id_3186.cat
84,cat_id_5429,Rangement et desserte de cuisine,/cuisine/rangement-et-accessoire-de-cuisine/rangement-et-desserte-de-cuisine/cat_id_5429.cat
85,cat_id_5431,Tableau magnétique et accessoires,/cuisine/rangement-et-accessoire-de-cuisine/panneau-magnetique-et-accessoires/cat_id_5431.cat
86,cat_id_3187,Tabouret de bar,/cuisine/tabouret-de-bar/cat_id_3187.cat
87,cat_id_3322,Salle de bains,/salle-de-bains-et-wc/cat_id_3322.cat
88,cat_id_3393,Meuble de salle de bains et lavabo,/salle-de-bains-et-wc/meuble-de-salle-de-bains/cat_id_3393.cat
89,cat_id_5036,Nos collections meuble de salle de bains,/nos-collections/nos-collections-salle-de-bains/collections-meubles-de-salle-de-bains/cat_id_5036.cat
90,cat_id_0005988,Ensemble meuble de salle de bains,/salle-de-bains-et-wc/meuble-de-salle-de-bains/ensemble-meuble-de-salle-de-bains/cat_id_0005988.cat
91,cat_id_4210,Meuble sous-vasque,/salle-de-bains-et-wc/meuble-de-salle-de-bains/meuble-sous-vasque/cat_id_4210.cat
92,cat_id_4191,Meuble de rangement de salle de bains,/salle-de-bains-et-wc/meuble-de-salle-de-bains/colonne-et-armoire-de-salle-de-bains/cat_id_4191.cat
93,cat_id_3928,"Lavabo, vasque et plan vasque",/salle-de-bains-et-wc/lavabo-vasque-et-plan-vasque/cat_id_3928.cat
94,cat_id_4082,Miroir de salle de bains,/salle-de-bains-et-wc/meuble-de-salle-de-bains/miroir-de-salle-de-bains/cat_id_4082.cat
95,cat_id_4184,Plan de travail salle de bains,/salle-de-bains-et-wc/meuble-de-salle-de-bains/plan-de-travail-salle-de-bains/cat_id_4184.cat
96,cat_id_3323,Accessoires de salle de bains,/salle-de-bains-et-wc/accessoires-de-salle-de-bains/cat_id_3323.cat
97,cat_id_3371,Douche,/salle-de-bains-et-wc/douche/cat_id_3371.cat
98,cat_id_470,Paroi de douche,/salle-de-bains-et-wc/douche/paroi-de-douche/cat_id_470.cat
99,cat_id_3384,Porte de douche,/salle-de-bains-et-wc/douche/porte-de-douche/cat_id_3384.cat
100,cat_id_3389,Receveur de douche,/salle-de-bains-et-wc/douche/receveur-de-douche/cat_id_3389.cat
101,cat_id_3373,Cabine de douche,/salle-de-bains-et-wc/douche/cabine-de-douche/cat_id_3373.cat
102,cat_id_3960,Colonne de douche,/salle-de-bains-et-wc/colonne-et-pommeau-de-douche/kit-et-colonne-de-douche/cat_id_3960.cat
103,cat_id_3383,"Pommeau de douche, flexible et barre de douche",/salle-de-bains-et-wc/colonne-et-pommeau-de-douche/douchette-flexible-et-barre-de-douche/cat_id_3383.cat
104,cat_id_3460,Colonne de douche hydromassante,/salle-de-bains-et-wc/colonne-et-pommeau-de-douche/colonne-de-douche-hydromassante/cat_id_3460.cat
105,cat_id_3372,Accessoire de douche,/salle-de-bains-et-wc/douche/accessoire-de-douche/cat_id_3372.cat
106,cat_id_5425,Panneau mural,/salle-de-bains-et-wc/douche/panneau-mural/cat_id_5425.cat
107,cat_id_5057,Douche sur-mesure,/salle-de-bains-et-wc/douche/douche-sur-mesure/cat_id_5057.cat
108,cat_id_3934,WC et lave-mains,/salle-de-bains-et-wc/wc-et-lave-mains/cat_id_3934.cat
109,cat_id_1710,WC à poser,/salle-de-bains-et-wc/wc-et-lave-mains/wc-a-poser/cat_id_1710.cat
110,cat_id_3938,WC suspendu et chasse d'eau,/salle-de-bains-et-wc/wc-et-lave-mains/wc-suspendu-et-chasse-d-eau/cat_id_3938.cat
111,cat_id_3358,Abattant et accessoire de WC,/salle-de-bains-et-wc/wc-et-lave-mains/abattant-et-accessoire-de-wc/cat_id_3358.cat
112,cat_id_1700,Lave-mains,/salle-de-bains-et-wc/wc-et-lave-mains/lave-mains/cat_id_1700.cat
113,cat_id_2278,Mécanisme chasse d'eau,/plomberie/alimentation-en-eau/mecanisme-de-wc/cat_id_2278.cat
114,cat_id_3935,WC chimique et broyeur,/salle-de-bains-et-wc/wc-et-lave-mains/broyeur-et-wc-chimique/cat_id_3935.cat
115,cat_id_4350,Baignoire,/salle-de-bains-et-wc/baignoire/cat_id_4350.cat
116,cat_id_766,Baignoire droite,/salle-de-bains-et-wc/baignoire/baignoire-droite/cat_id_766.cat
117,cat_id_2418,Baignoire d'angle,/salle-de-bains-et-wc/baignoire/baignoire-d-angle/cat_id_2418.cat
118,cat_id_3913,Baignoire balneo,/salle-de-bains-et-wc/baignoire/baignoire-balneo/cat_id_3913.cat
119,cat_id_4018,Baignoire îlot,/salle-de-bains-et-wc/baignoire/baignoire-ilot/cat_id_4018.cat
120,cat_id_0001607,Baignoire asymétrique,/salle-de-bains-et-wc/baignoire/baignoire-asymetrique/cat_id_0001607.cat
121,cat_id_3380,Pare-baignoire,/salle-de-bains-et-wc/baignoire/pare-baignoire/cat_id_3380.cat
122,cat_id_4358,Tablier et habillage de baignoire,/salle-de-bains-et-wc/baignoire/tablier-et-pied-de-baignoire/cat_id_4358.cat
123,cat_id_0001969,Pied de baignoire,/salle-de-bains-et-wc/baignoire/pied-de-baignoire/cat_id_0001969.cat
124,cat_id_0001929,Colonne de douche pour baignoire,/salle-de-bains-et-wc/baignoire/colonne-de-douche-pour-baignoire/cat_id_0001929.cat
125,cat_id_3401,Robinet de salle de bains,/salle-de-bains-et-wc/robinet-de-salle-de-bains/cat_id_3401.cat
126,cat_id_3947,Robinet lavabo et vasque,/salle-de-bains-et-wc/robinet-de-salle-de-bains/robinet-lavabo-et-vasque/cat_id_3947.cat
127,cat_id_756,Robinet de baignoire,/salle-de-bains-et-wc/robinet-de-salle-de-bains/robinet-de-baignoire/cat_id_756.cat
128,cat_id_3425,Robinet de douche,/salle-de-bains-et-wc/robinet-de-salle-de-bains/robinet-de-douche/cat_id_3425.cat
129,cat_id_5022,Robinet lave-mains,/salle-de-bains-et-wc/robinet-de-salle-de-bains/robinet-lave-mains/cat_id_5022.cat
130,cat_id_0001716,Robinet de bidet,/salle-de-bains-et-wc/robinet-de-salle-de-bains/robinet-de-bidet/cat_id_0001716.cat
131,cat_id_3402,Accessoire de robinet,/salle-de-bains-et-wc/robinet-de-salle-de-bains/accessoire-robinet-salle-de-bains/cat_id_3402.cat
132,cat_id_333,"Sèche-serviettes électrique, eau chaude",/chauffage-climatisation-et-ventilation/seche-serviettes/cat_id_333.cat
133,cat_id_3304,"Carrelage, faïence et mosaïque",/carrelage-sol/carrelage-sol-et-mural/cat_id_3304.cat
134,cat_id_1344,Luminaire de salle de bains,/luminaire-et-eclairage/luminaire-et-eclairage-interieur/luminaire-de-salle-de-bains/cat_id_1344.cat
135,cat_id_3323,Accessoires de salle de bains,/salle-de-bains-et-wc/accessoires-de-salle-de-bains/cat_id_3323.cat
136,cat_id_3497,"Accessibilité, salle de bains PMR",/salle-de-bains-et-wc/accessibilite-et-securite-de-la-salle-de-bains/cat_id_3497.cat
137,cat_id_4206,Panneau à carreler,/materiaux-et-gros-oeuvre/cloison/panneau-a-carreler/cat_id_4206.cat
138,cat_id_2361,Evacuation des eaux,/plomberie/evacuation-des-eaux/cat_id_2361.cat
139,cat_id_429,Ventilation (VMC),/chauffage-climatisation-et-ventilation/vmc-et-aerateur/vmc-ventilation-mecanique-controlee/cat_id_429.cat
140,cat_id_3633,Rangement et dressing,/rangement-dressing/cat_id_3633.cat
141,cat_id_0001134,Dressing et armoire,/rangement-dressing/dressing-et-armoire/cat_id_0001134.cat
142,cat_id_3009,Kit dressing,/rangement-dressing/dressing-amenagement-de-placard/kit-dressing/cat_id_3009.cat
143,cat_id_0001135,Dressing,/rangement-dressing/dressing-et-armoire/dressing/cat_id_0001135.cat
144,cat_id_0001136,Armoire,/rangement-dressing/dressing-et-armoire/armoire/cat_id_0001136.cat
145,cat_id_0003001,Dressing d’angle,/dressing-dangle/cat_id_0003001.cat
146,cat_id_0003002,Dressing sous pente,/dressing-sous-pente/cat_id_0003002.cat
147,cat_id_3005,Accessoires de dressing,/rangement-dressing/dressing-amenagement-de-placard/amenagement-de-placard/cat_id_3005.cat
148,cat_id_3015,Cintre et tringle,/rangement-dressing/dressing-amenagement-de-placard/tringlerie-et-cintre/cat_id_3015.cat
149,cat_id_0001137,Meuble de rangement,/rangement-dressing/meuble-de-rangement/cat_id_0001137.cat
150,cat_id_0001138,Bibliothèque,/rangement-dressing/meuble-de-rangement/bibliotheque-et-etagere/cat_id_0001138.cat
151,cat_id_3078,Etagère cube,/rangement-dressing/rangement-interieur/etagere-cube/cat_id_3078.cat
152,cat_id_0002118,Meuble d'entrée,/rangement-dressing/meuble-de-rangement/meuble-dentree/cat_id_0002118.cat
153,cat_id_0002119,Meuble chaussures,/rangement-dressing/meuble-de-rangement/meuble-chaussures/cat_id_0002119.cat
154,cat_id_0002120,Colonne de rangement,/rangement-dressing/meuble-de-rangement/colonne-de-rangement/cat_id_0002120.cat
155,cat_id_0002121,Cube de rangement,/rangement-dressing/meuble-de-rangement/cube-de-rangement/cat_id_0002121.cat
156,cat_id_0001139,Commode,/commode/cat_id_0001139.cat
157,cat_id_0002117,"Buffet, bahut, enfilade",/rangement-dressing/meuble-de-rangement/buffet/cat_id_0002117.cat
158,cat_id_0001141,Meuble TV,/rangement-dressing/meuble-de-rangement/meuble-tv/cat_id_0001141.cat
159,cat_id_0001572,Aménagement bureau,/rangement-dressing/amenagement-bureau/cat_id_0001572.cat
160,cat_id_0001150,Rangement modulable,/rangement-dressing/solution-de-rangement-modulable-atomia/cat_id_0001150.cat
161,cat_id_0001151,Caisson de rangement modulable,/rangement-dressing/solution-de-rangement-modulable-atomia/caisson-de-rangement-modulable/cat_id_0001151.cat
162,cat_id_0001152,Tablette de rangement modulable,/rangement-dressing/solution-de-rangement-modulable-atomia/tablette-de-rangement-modulable/cat_id_0001152.cat
163,cat_id_0001153,Tiroir de rangement modulable,/rangement-dressing/solution-de-rangement-modulable-atomia/tiroir-de-rangement-modulable/cat_id_0001153.cat
164,cat_id_0001154,Porte de rangement modulable,/rangement-dressing/solution-de-rangement-modulable-atomia/porte-de-rangement-modulable/cat_id_0001154.cat
165,cat_id_0001155,Accessoire de rangement modulable,/rangement-dressing/solution-de-rangement-modulable-atomia/accessoire-de-rangement-modulable/cat_id_0001155.cat
166,cat_id_3885,Porte de placard,/rangement-dressing/dressing-amenagement-de-placard/porte-de-placard/cat_id_3885.cat
167,cat_id_3891,Porte de placard coulissante,/rangement-dressing/dressing-amenagement-de-placard/porte-de-placard/porte-de-placard-coulissante/cat_id_3891.cat
168,cat_id_5074,Rail porte de placard,/rangement-dressing/dressing-amenagement-de-placard/porte-de-placard/rail-porte-de-placard/cat_id_5074.cat
169,cat_id_5075,Accessoires porte de placard,/rangement-dressing/dressing-amenagement-de-placard/porte-de-placard/accessoires-porte-de-placard/cat_id_5075.cat
170,cat_id_0001154,Porte de rangement modulable,/rangement-dressing/solution-de-rangement-modulable-atomia/porte-de-rangement-modulable/cat_id_0001154.cat
171,cat_id_5073,Porte de placard extensible,/rangement-dressing/dressing-amenagement-de-placard/porte-de-placard/porte-de-placard-extensible/cat_id_5073.cat
172,cat_id_5059,Porte de placard sur-mesure,/rangement-dressing/dressing-amenagement-de-placard/porte-de-placard/porte-de-placard-sur-mesure/cat_id_5059.cat
173,cat_id_5212,Petit rangement,/rangement-dressing/rangement-interieur/cat_id_5212.cat
174,cat_id_3030,Tablette et support,/rangement-dressing/rangement-garage-et-cave/tablette-et-support/cat_id_3030.cat
175,cat_id_3016,Boîte et panier de rangement,/rangement-dressing/dressing-amenagement-de-placard/boite-de-rangement/cat_id_3016.cat
176,cat_id_0002041,Tour de rangement,/rangement-dressing/rangement-garage-et-cave/tour-de-rangement/cat_id_0002041.cat
177,cat_id_3020,Penderie et portant,/rangement-dressing/dressing-amenagement-de-placard/penderie-et-portant/cat_id_3020.cat
178,cat_id_3012,Porte-manteau,/rangement-dressing/rangement-interieur/porte-manteau/cat_id_3012.cat
179,cat_id_3040,"Rangement garage, cave et buanderie",/rangement-dressing/rangement-garage-et-cave/cat_id_3040.cat
180,cat_id_3096,Etagère de garage,/rangement-dressing/rangement-garage-et-cave/etagere-et-armoire/cat_id_3096.cat
181,cat_id_0002124,Armoire de garage,/rangement-dressing/rangement-garage-et-cave/armoire-de-garage/cat_id_0002124.cat
182,cat_id_2765,Bac de rangement,/rangement-dressing/rangement-garage-et-cave/bac-de-rangement/cat_id_2765.cat
183,cat_id_0005521,Crémaillère et console murale,/rangement-dressing/rangement-garage-et-cave/tablette-et-support/cremaillere-et-console-murale/cat_id_3032.cat
184,cat_id_0001114,Buanderie,/rangement-dressing/rangement-garage-et-cave/buanderie/cat_id_0001114.cat
185,cat_id_3105,Accessoires atelier et garage,/rangement-dressing/rangement-garage-et-cave/accessoires-atelier-et-garage/cat_id_3105.cat
186,cat_id_1408,Etabli et rangement des outils,/outillage/etabli-diable-et-rangement-des-outils/cat_id_1408.cat
187,cat_id_3051,Casier et range bouteilles,/rangement-dressing/rangement-garage-et-cave/casier-et-range-bouteilles/cat_id_3051.cat
188,cat_id_3057,Déménagement,/rangement-dressing/rangement-garage-et-cave/demenagement/cat_id_3057.cat
189,cat_id_3304,"Carrelage, faïence et mosaïque",/carrelage-sol/carrelage-sol-et-mural/cat_id_3304.cat
190,cat_id_3898,Carrelage intérieur sol et mural,/carrelage-sol/carrelage-sol-et-mural/carrelage-interieur-sol-et-mural/cat_id_3898.cat
191,cat_id_3921,Faïence et carrelage mural,/carrelage-sol/carrelage-sol-et-mural/faience-et-carrelage-mural/cat_id_3921.cat
192,cat_id_362,Mosaïque,/carrelage-sol/carrelage-sol-et-mural/mosaique/cat_id_362.cat
193,cat_id_2121,Plaquette de parement,/carrelage-sol/carrelage-sol-et-mural/plaquette-de-parement/cat_id_2121.cat
194,cat_id_2370,Plinthe carrelage sol,/carrelage-sol/carrelage-sol-et-mural/plinthe-carrelage-sol/cat_id_2370.cat
195,cat_id_4290,Colle carrelage,/carrelage-sol/carrelage-sol-et-mural/colle-carrelage/cat_id_4290.cat
196,cat_id_4291,Joint carrelage,/carrelage-sol/carrelage-sol-et-mural/joint-carrelage/cat_id_4291.cat
197,cat_id_3232,Parquet bois et stratifié,/carrelage-sol/parquet-sol-stratifie-et-plancher/cat_id_3232.cat
198,cat_id_3241,Sol stratifié,/carrelage-sol/parquet-sol-stratifie-et-plancher/sol-stratifie/cat_id_3241.cat
199,cat_id_3144,Parquet,/carrelage-sol/parquet-sol-stratifie-et-plancher/parquet/cat_id_3144.cat
200,cat_id_271,Plancher bois,/carrelage-sol/parquet-sol-stratifie-et-plancher/plancher-bois/cat_id_271.cat
201,cat_id_3249,Plinthe pour parquet et stratifié,/carrelage-sol/parquet-sol-stratifie-et-plancher/plinthe/cat_id_3249.cat
202,cat_id_3233,Barre de seuil et nez de marche,/carrelage-sol/parquet-sol-stratifie-et-plancher/barre-de-seuil-et-nez-de-marche/cat_id_3233.cat
203,cat_id_3237,Colle parquet,/carrelage-sol/parquet-sol-stratifie-et-plancher/colle-parquet/cat_id_3237.cat
204,cat_id_3244,Sous-couche parquet et stratifié,/carrelage-sol/parquet-sol-stratifie-et-plancher/sous-couche-parquet-sol-pvc-et-stratifie/cat_id_3244.cat
205,cat_id_2707,Sol vinyle PVC,/carrelage-sol/sol-vinyle-pvc-moquette/cat_id_2707.cat
206,cat_id_3162,Dalle et lame PVC,/carrelage-sol/sol-vinyle-pvc-moquette/dalle-et-lame-pvc/cat_id_3162.cat
207,cat_id_3170,Sol vinyle PVC à la coupe,/carrelage-sol/sol-vinyle-pvc-moquette/sol-vinyle-pvc-a-la-coupe/cat_id_3170.cat
208,cat_id_3794,Plinthe sol vinyle PVC,/carrelage-sol/sol-vinyle-pvc-moquette/plinthe-sol-vinyle-pvc/cat_id_3794.cat
209,cat_id_3244,Sous-couche sol pvc,/carrelage-sol/parquet-sol-stratifie-et-plancher/sous-couche-parquet-sol-pvc-et-stratifie/cat_id_3244.cat
210,cat_id_0002014,Dalle PVC garage,/revetement-sol-et-mur/sol-vinyle-pvc-moquette/dalle-pvc-garage/cat_id_0002014.cat
211,cat_id_3130,Moquette,/carrelage-sol/sol-vinyle-pvc-moquette/moquette/cat_id_3130.cat
212,cat_id_1130,Sisal et jonc de mer,/carrelage-sol/sol-vinyle-pvc-moquette/sisal-et-jonc-de-mer/cat_id_1130.cat
213,cat_id_3074,Tapis et paillasson,/decoration-interieure/decoration-textile/tapis-et-paillasson/cat_id_3074.cat
214,cat_id_3267,Terrasse et sol extérieur,/jardin-et-terrasse/terrasse-et-sol-exterieur/cat_id_3267.cat
215,cat_id_3892,Carrelage extérieur sol,/carrelage-sol/carrelage-sol-et-mural/carrelage-exterieur-sol/cat_id_3892.cat
216,cat_id_3317,Lame de terrasse,/jardin-et-terrasse/terrasse-et-sol-exterieur/lame-de-terrasse/cat_id_3317.cat
217,cat_id_3298,Dalle de terrasse et caillebotis,/jardin-et-terrasse/terrasse-et-sol-exterieur/dalle-de-terrasse-et-caillebotis/cat_id_3298.cat
218,cat_id_4250,Gravillon décoratif et galet,/jardin-et-terrasse/terrasse-et-sol-exterieur/gravillon-decoratif-et-galet/cat_id_4250.cat
219,cat_id_3305,Pas japonais,/jardin-et-terrasse/terrasse-et-sol-exterieur/pas-japonais/cat_id_3305.cat
220,cat_id_4130,Gazon artificiel,/jardin-et-terrasse/terrasse-et-sol-exterieur/gazon-artificiel/cat_id_4130.cat
221,cat_id_879,Bordure de jardin,/jardin-et-terrasse/terrasse-et-sol-exterieur/bordure-de-jardin/cat_id_879.cat
222,cat_id_0001805,Préparation et finition du sol,/carrelage-sol/preparation-et-finition-du-sol/cat_id_0001805.cat
223,cat_id_3215,Préparation du sol et mur,/carrelage-sol/carrelage-sol-et-mural/preparation-du-sol-et-mur/cat_id_3215.cat
224,cat_id_3199,Outils du carreleur,/carrelage-sol/carrelage-sol-et-mural/outils-du-carreleur/cat_id_3199.cat
225,cat_id_3248,Outils parquet et sol stratifié,/carrelage-sol/parquet-sol-stratifie-et-plancher/outil-parquet-et-sol-stratifie/cat_id_3248.cat
226,cat_id_754,"Outils sol vinyle PVC, moquette",/carrelage-sol/sol-vinyle-pvc-moquette/outils-sol-vinyle-pvc-moquette/cat_id_754.cat
227,cat_id_3233,Barre de seuil et nez de marche,/carrelage-sol/parquet-sol-stratifie-et-plancher/barre-de-seuil-et-nez-de-marche/cat_id_3233.cat
228,cat_id_4187,Préparation et réparation du parquet,/peinture/peinture-interieure/produits-pour-parquet/preparation-et-reparation-du-parquet/cat_id_4187.cat
229,cat_id_3924,Entretien du sol,/droguerie-entretien-de-la-maison/produits-d-entretien-specifique/entretien-du-sol/cat_id_3924.cat
230,cat_id_0001887,Revêtement mural,/carrelage-sol/revetement-mural/cat_id_0001887.cat
231,cat_id_2045,Papier peint,/decoration-interieure/papier-peint-et-revetement-mural/papier-peint/cat_id_2045.cat
232,cat_id_4248,Papier peint panoramique,/decoration-interieure/decoration-murale-et-accessoires-deco/poster-xxl/cat_id_4248.cat
233,cat_id_2039,Fibre de verre,/decoration-interieure/papier-peint-et-revetement-mural/fibre-de-verre-et-revetement-de-lissage/cat_id_2039.cat
234,cat_id_210,Lambris,/decoration-interieure/papier-peint-et-revetement-mural/lambris-et-accessoires-pour-lambris/cat_id_210.cat
235,cat_id_2121,Plaquette de parement,/carrelage-sol/carrelage-sol-et-mural/plaquette-de-parement/cat_id_2121.cat
236,cat_id_3867,Outils du tapissier,/decoration-interieure/papier-peint-et-revetement-mural/outils-du-tapissier/cat_id_3867.cat
237,cat_id_3622,Peinture intérieure,/peinture/peinture-interieure/cat_id_3622.cat
238,cat_id_2171,Sous-couche peinture,/peinture/peinture-interieure/preparation-des-murs-et-plafonds/sous-couche/cat_id_2171.cat
239,cat_id_2078,Peinture intérieure blanche,/peinture/peinture-interieure/peinture-interieure-blanche/cat_id_2078.cat
240,cat_id_2088,Peinture intérieure couleur,/peinture/peinture-interieure/peinture-interieure-couleur/cat_id_2088.cat
241,cat_id_5207,Concept peinture sur-mesure,/peinture/peinture-interieure/peinture-sur-mesure/cat_id_5207.cat
242,cat_id_3627,Peinture cuisine et salle de bains,/peinture/peinture-interieure/peinture-cuisine-et-salle-de-bains/cat_id_3627.cat
243,cat_id_2068,Peinture pour meuble,/peinture/peinture-interieure/relooking-meuble-et-objet/cat_id_2068.cat
244,cat_id_1381,Traitement pour le bois intérieur,/peinture/peinture-interieure/traitement-pour-le-bois-interieur/cat_id_1381.cat
245,cat_id_4443,Produits pour parquet,/peinture/peinture-interieure/produits-pour-parquet/cat_id_4443.cat
246,cat_id_5457,Peinture laque boiseries et métal,/peinture/peinture-interieure/peinture-laque-boiseries-et-metal/cat_id_5457.cat
247,cat_id_2061,Peinture à effet,/peinture/peinture-interieure/peinture-et-enduit-a-effet-decoratif/cat_id_2061.cat
248,cat_id_4202,Bombe de peinture,/peinture/peinture-interieure/aerosol/cat_id_4202.cat
249,cat_id_2865,Peinture extérieure,/peinture/peinture-exterieure/cat_id_2865.cat
250,cat_id_2866,Peinture boiseries extérieures,/peinture/peinture-exterieure/peinture-exterieure-bois/cat_id_2866.cat
251,cat_id_3680,Peinture extérieure façade et crépi,/peinture/peinture-exterieure/peinture-exterieure-facade-et-crepi/cat_id_3680.cat
252,cat_id_3669,Lasure extérieure,/peinture/peinture-exterieure/lasure-et-traitement-exterieur/lasure-exterieure/cat_id_3669.cat
253,cat_id_771,Huile et saturateur,/peinture/peinture-exterieure/lasure-et-traitement-exterieur/huile-et-saturateur/cat_id_771.cat
254,cat_id_997,Peinture extérieure fer,/peinture/peinture-exterieure/peinture-exterieure-fer/cat_id_997.cat
255,cat_id_4218,Peinture extérieure multi-supports,/peinture/peinture-exterieure/peinture-exterieure-multi-supports/cat_id_4218.cat
256,cat_id_3408,Peinture sol extérieur et garage,/peinture/peinture-exterieure/peinture-sol-exterieur-et-garage/cat_id_3408.cat
257,cat_id_4139,Anti-rouille et traitement du fer,/peinture/peinture-exterieure/anti-rouille-et-traitement-du-fer/cat_id_4139.cat
258,cat_id_2875,Vernis bois extérieur,/peinture/peinture-exterieure/lasure-et-traitement-exterieur/vernis-exterieur/cat_id_2875.cat
259,cat_id_5207,Concept peinture sur-mesure,/peinture/peinture-interieure/peinture-sur-mesure/cat_id_5207.cat
260,cat_id_1996,Outils du peintre,/peinture/outils-du-peintre/cat_id_1996.cat
261,cat_id_5023,Rouleau à peinture,/peinture/outils-du-peintre/rouleau-a-peinture/cat_id_5023.cat
262,cat_id_2005,Pinceau,/peinture/outils-du-peintre/pinceau/cat_id_2005.cat
263,cat_id_1997,Bac et grille de peintre,/peinture/outils-du-peintre/bac-et-grille-de-peintre/cat_id_1997.cat
264,cat_id_2001,Couteau et grattoir,/peinture/outils-du-peintre/couteau-et-grattoir/cat_id_2001.cat
265,cat_id_2161,Papier de verre et ponçage,/peinture/peinture-interieure/preparation-des-murs-et-plafonds/poncage/cat_id_2161.cat
266,cat_id_3861,Outillage pour peinture décorative,/peinture/outils-du-peintre/outillage-pour-peinture-decorative/cat_id_3861.cat
267,cat_id_1635,Pistolet à peinture,/outillage/pistolet-a-peinture-decolleuse-et-decapeur/pistolet-a-peinture-electrique-et-machine-a-peindre/cat_id_1635.cat
268,cat_id_2165,Bâche de protection,/peinture/peinture-interieure/preparation-des-murs-et-plafonds/protection/cat_id_2165.cat
269,cat_id_1923,Equipement de protection individuelle,/outillage/vetement-chaussures-et-protection/cat_id_1923.cat
270,cat_id_3955,"Droguerie, entretien de la maison",/droguerie-entretien-de-la-maison/cat_id_3955.cat
271,cat_id_4136,"Diluant, nettoyant et détachant",/droguerie-entretien-de-la-maison/diluant-nettoyant-et-detachant/cat_id_4136.cat
272,cat_id_2784,Les produits essentiels,/droguerie-entretien-de-la-maison/produits-d-entretien-essentiels/cat_id_2784.cat
273,cat_id_3924,Entretien du sol,/droguerie-entretien-de-la-maison/produits-d-entretien-specifique/entretien-du-sol/cat_id_3924.cat
274,cat_id_5997,"Entretien spécifique (textile, meuble, métal…)",/droguerie-entretien-de-la-maison/produits-d-entretien-specifique/cat_id_5997.cat
275,cat_id_3989,Accessoire de ménage,/droguerie-entretien-de-la-maison/accessoire-de-menage/cat_id_3989.cat
276,cat_id_4134,Produits de gros lessivage,/droguerie-entretien-de-la-maison/le-gros-lessivage/cat_id_4134.cat
277,cat_id_4445,"Entretien cuisine, salle de bains, WC",/droguerie-entretien-de-la-maison/entretien-cuisine-et-salle-de-bains/cat_id_4445.cat
278,cat_id_550,Déboucheur,/droguerie-entretien-de-la-maison/entretien-cuisine-et-salle-de-bains/deboucheur/cat_id_550.cat
279,cat_id_4143,"Sac poubelle, sac à gravat",/droguerie-entretien-de-la-maison/accessoire-de-menage/sac-poubelle/cat_id_4143.cat
280,cat_id_581,Absorbeur d'humidité,/materiaux-et-gros-oeuvre/materiaux/produit-d-etancheite/absorbeur-d-humidite/cat_id_581.cat
281,cat_id_912,"Décoration textile, store",/decoration-interieure/decoration-textile/cat_id_912.cat
282,cat_id_1028,Rideau,/decoration-interieure/decoration-textile/rideau-et-voilage/rideau/cat_id_1028.cat
283,cat_id_1039,Voilage,/decoration-interieure/decoration-textile/rideau-et-voilage/voilage/cat_id_1039.cat
284,cat_id_913,Tringle à rideaux,/decoration-interieure/decoration-textile/tringle-a-rideaux/cat_id_913.cat
285,cat_id_978,Coussin,/decoration-interieure/decoration-textile/coussin-plaid-et-pouf/coussin/cat_id_978.cat
286,cat_id_3074,Tapis et paillasson,/decoration-interieure/decoration-textile/tapis-et-paillasson/cat_id_3074.cat
287,cat_id_1092,Store enrouleur,/decoration-interieure/store/store-enrouleur/cat_id_1092.cat
288,cat_id_1107,Store vénitien,/decoration-interieure/store/store-venitien/cat_id_1107.cat
289,cat_id_1087,Store californien,/decoration-interieure/store/store-californien/cat_id_1087.cat
290,cat_id_1106,Panneau japonais,/decoration-interieure/store/panneau-japonais/cat_id_1106.cat
291,cat_id_2024,Papier peint et fibre de verre,/decoration-interieure/papier-peint-et-revetement-mural/cat_id_2024.cat
292,cat_id_2045,Papier peint,/decoration-interieure/papier-peint-et-revetement-mural/papier-peint/cat_id_2045.cat
293,cat_id_4248,Papier panoramique,/decoration-interieure/decoration-murale-et-accessoires-deco/poster-xxl/cat_id_4248.cat
294,cat_id_2039,Fibre de verre,/decoration-interieure/papier-peint-et-revetement-mural/fibre-de-verre-et-revetement-de-lissage/cat_id_2039.cat
295,cat_id_4083,Frise murale,/decoration-interieure/papier-peint-et-revetement-mural/frise-murale-et-le-unique/cat_id_4083.cat
296,cat_id_2525,Colle papier peint,/decoration-interieure/papier-peint-et-revetement-mural/colle-papier-peint/cat_id_2525.cat
297,cat_id_3867,Outils du tapissier,/decoration-interieure/papier-peint-et-revetement-mural/outils-du-tapissier/cat_id_3867.cat
298,cat_id_5303,Décoration murale et accessoires déco,/decoration-interieure/decoration-murale-et-accessoires-deco/cat_id_5303.cat
299,cat_id_2990,Cadre,/decoration-interieure/decoration-murale-et-accessoires-deco/cadre/cat_id_2990.cat
300,cat_id_1005,Miroir,/decoration-interieure/decoration-murale-et-accessoires-deco/miroir/cat_id_1005.cat
301,cat_id_969,Tableau déco,/decoration-interieure/decoration-murale-et-accessoires-deco/toile-imprimee/cat_id_969.cat
302,cat_id_960,Affiche et image encadrée,/decoration-interieure/decoration-murale-et-accessoires-deco/affiche-et-image-encadree/cat_id_960.cat
303,cat_id_0001102,Horloge,/decoration-interieure/decoration-murale-et-accessoires-deco/horloge/cat_id_0001102.cat
304,cat_id_2180,Sticker et adhésif décoratif,/decoration-interieure/decoration-murale-et-accessoires-deco/sticker-et-adhesif-decoratif/cat_id_2180.cat
305,cat_id_3071,Poignée et bouton,/decoration-interieure/decoration-murale-et-accessoires-deco/poignee-et-bouton/cat_id_3071.cat
306,cat_id_1340,Luminaire et éclairage intérieur,/luminaire-et-eclairage/luminaire-et-eclairage-interieur/cat_id_1340.cat
307,cat_id_1378,Suspension et lustre,/luminaire-et-eclairage/luminaire-et-eclairage-interieur/suspension-lustre-et-plafonnier/suspension-et-lustre/cat_id_1378.cat
308,cat_id_4346,Applique murale intérieure,/luminaire-et-eclairage/luminaire-et-eclairage-interieur/applique/cat_id_4346.cat
309,cat_id_4348,Plafonnier,/luminaire-et-eclairage/luminaire-et-eclairage-interieur/suspension-lustre-et-plafonnier/plafonnier/cat_id_4348.cat
310,cat_id_4330,Spot,/luminaire-et-eclairage/luminaire-et-eclairage-interieur/spot/cat_id_4330.cat
311,cat_id_778,Plafonnier spot,/luminaire-et-eclairage/luminaire-et-eclairage-interieur/spot/plafonnier-spot/cat_id_778.cat
312,cat_id_1366,Spot encastrable,/luminaire-et-eclairage/luminaire-et-eclairage-interieur/spot/spot-a-encastrer/cat_id_1366.cat
313,cat_id_4344,Lampe sur pied et lampadaire,/luminaire-et-eclairage/luminaire-et-eclairage-interieur/lampe-a-poser/cat_id_4344.cat
314,cat_id_1344,Luminaire de salle de bains,/luminaire-et-eclairage/luminaire-et-eclairage-interieur/luminaire-de-salle-de-bains/cat_id_1344.cat
315,cat_id_1289,Ampoule,/luminaire-et-eclairage/ampoule/cat_id_1289.cat
316,cat_id_5046,Ruban LED,/luminaire-et-eclairage/luminaire-et-eclairage-interieur/ruban-led/cat_id_5046.cat
317,cat_id_1112,Luminaire et éclairage extérieur,/luminaire-et-eclairage/luminaire-et-eclairage-exterieur/cat_id_1112.cat
318,cat_id_1115,Applique murale extérieure,/luminaire-et-eclairage/luminaire-et-eclairage-exterieur/applique-exterieure/cat_id_1115.cat
319,cat_id_1119,Lampadaire extérieur,/luminaire-et-eclairage/luminaire-et-eclairage-exterieur/lampadaire-exterieur/cat_id_1119.cat
320,cat_id_1118,Luminaire d'ambiance extérieur,/luminaire-et-eclairage/luminaire-et-eclairage-exterieur/luminaire-d-ambiance-exterieur/cat_id_1118.cat
321,cat_id_1116,Borne extérieure et potelet,/luminaire-et-eclairage/luminaire-et-eclairage-exterieur/borne-exterieure-et-potelet/cat_id_1116.cat
322,cat_id_3986,Spot extérieur,/luminaire-et-eclairage/luminaire-et-eclairage-exterieur/spot-exterieur/cat_id_3986.cat
323,cat_id_2720,Balise extérieure,/luminaire-et-eclairage/luminaire-et-eclairage-exterieur/balise-exterieure/cat_id_2720.cat
324,cat_id_1121,Luminaire solaire,/luminaire-et-eclairage/luminaire-et-eclairage-exterieur/luminaire-solaire/cat_id_1121.cat
325,cat_id_3554,Outillage électroportatif,/outillage/outillage-electroportatif/cat_id_3554.cat
326,cat_id_3796,"Perceuse sans fil, visseuse, perforateur",/outillage/outillage-electroportatif/perceuse-visseuse-perceuse-a-percussion-et-tournevis-sans-fil/cat_id_3796.cat
327,cat_id_3795,"Perceuse filaire, perforateur et marteau piqueur",/outillage/outillage-electroportatif/perceuse-a-percussion-perforateur-et-marteau-piqueur-filaire/cat_id_3795.cat
328,cat_id_1613,Scie et meuleuse électrique,/outillage/outillage-electroportatif/scie-et-meuleuse-electrique/cat_id_1613.cat
329,cat_id_1939,Ponceuse et décapeur thermique,/outillage/outillage-electroportatif/ponceuse-et-decapeur-thermique/cat_id_1939.cat
330,cat_id_1589,Machine d'atelier,/outillage/machine-stationnaire-d-atelier/cat_id_1589.cat
331,cat_id_3757,Outil multifonctions et accessoire,/outillage/outillage-electroportatif/outil-multifonction-et-outil-de-precision/cat_id_3757.cat
332,cat_id_1687,Rabot et défonceuse électrique,/outillage/outillage-electroportatif/rabot-electrique-defonceuse-et-machine-a-bois/cat_id_1687.cat
333,cat_id_1634,Perceuse à colonne,/outillage/machine-stationnaire-d-atelier/perceuse-a-colonne/cat_id_1634.cat
334,cat_id_3774,Accessoire pour outillage électroportatif,/outillage/outillage-electroportatif/accessoire-et-consommable/cat_id_3774.cat
335,cat_id_3595,"Mèche, forêt et burin",/outillage/outillage-electroportatif/accessoire-et-consommable/meche-foret-et-burin/cat_id_3595.cat
336,cat_id_3791,Embout de vissage,/outillage/outillage-electroportatif/accessoire-et-consommable/embout-de-vissage/cat_id_3791.cat
337,cat_id_2426,Scie cloche et trépan,/outillage/outillage-electroportatif/accessoire-et-consommable/scie-cloche-et-trepan/cat_id_2426.cat
338,cat_id_3758,Mandrin et guide de perçage,/outillage/outillage-electroportatif/accessoire-et-consommable/accessoire-pour-perceuse/cat_id_3758.cat
339,cat_id_891,Batterie et chargeur,/outillage/outillage-electroportatif/batterie-et-chargeur/cat_id_891.cat
340,cat_id_4034,Disque et accessoire pour meuleuse,/outillage/outillage-electroportatif/accessoire-et-consommable/disque-et-accessoire-pour-meuleuse/cat_id_4034.cat
341,cat_id_3494,Papier abrasif pour ponceuse,/outillage/outillage-electroportatif/accessoire-et-consommable/abrasif-pour-ponceuse/cat_id_3494.cat
342,cat_id_5014,Lame et accessoire de scie,/outillage/outillage-electroportatif/accessoire-et-consommable/lame-et-accessoire-de-scie/cat_id_5014.cat
343,cat_id_0001475,Accessoire compresseur,/outillage/compresseur-et-accessoire/accessoire-compresseur/cat_id_0001475.cat
344,cat_id_1728,Outillage à main,/outillage/outillage-a-main/cat_id_1728.cat
345,cat_id_4283,Caisse à outils complète,/outillage/outillage-a-main/coffret-et-boite-a-outils-complete/cat_id_4283.cat
346,cat_id_1743,Clé et douille,/outillage/outillage-a-main/cle-et-douille/cat_id_1743.cat
347,cat_id_4371,"Mètre, niveau laser, traçage",/outillage/outillage-a-main/metre-niveau-et-outils-de-mesure-et-tracage/cat_id_4371.cat
348,cat_id_1877,Pince et tenaille,/outillage/outillage-a-main/pince-et-tenaille/cat_id_1877.cat
349,cat_id_1838,Scie à main et lame,/outillage/outillage-a-main/scie-et-lame/cat_id_1838.cat
350,cat_id_1770,Tournevis,/outillage/outillage-a-main/tournevis/cat_id_1770.cat
351,cat_id_1757,Marteau et masse,/outillage/outillage-a-main/marteau-maillet-massette-et-masse/cat_id_1757.cat
352,cat_id_1735,Pistolet à colle et agrafeuse,/outillage/outillage-a-main/pistolet-a-colle-et-agrafeuse/cat_id_1735.cat
353,cat_id_1729,Papier de verre,/outillage/outillage-a-main/abrasif-a-main-et-brosse/abrasif-a-main/cat_id_1729.cat
354,cat_id_1562,"Rabot, lime et ciseau à bois",/outillage/outillage-a-main/lime-rape-rabot-et-ciseau-a-bois/cat_id_1562.cat
355,cat_id_720,Matériel de chantier,/outillage/materiel-de-chantier/cat_id_720.cat
356,cat_id_1595,"Escabeau, marche pied, échelle et échafaudage",/outillage/escabeau-marche-pied-echelle-et-echafaudage/cat_id_1595.cat
357,cat_id_1585,Aspirateur et nettoyeur,/outillage/aspirateur-et-nettoyeur/cat_id_1585.cat
358,cat_id_1625,Groupe électrogène,/outillage/groupe-electrogene/cat_id_1625.cat
359,cat_id_1614,Compresseur et accessoire,/outillage/compresseur-et-accessoires/cat_id_1614.cat
360,cat_id_1635,Pistolet à peinture,/outillage/pistolet-a-peinture-decolleuse-et-decapeur/pistolet-a-peinture-electrique-et-machine-a-peindre/cat_id_1635.cat
361,cat_id_1660,Bétonnière,/outillage/materiel-de-chantier/betonniere/cat_id_1660.cat
362,cat_id_749,Outils du maçon,/outillage/materiel-de-chantier/outils-du-macon/cat_id_749.cat
363,cat_id_1923,Equipement de protection individuelle,/outillage/vetement-chaussures-et-protection/cat_id_1923.cat
364,cat_id_1893,Soudure,/outillage/soudure/cat_id_1893.cat
365,cat_id_1218,Bouteille de gaz,/outillage/soudure/bouteille-de-gaz-et-raccordement/cat_id_1218.cat
366,cat_id_0001943,Outillage par métier,/outillage/outillage-par-metier/cat_id_0001943.cat
367,cat_id_1408,Etabli et rangement des outils,/outillage/etabli-diable-et-rangement-des-outils/cat_id_1408.cat
368,cat_id_1645,Servante et coffre de chantier,/outillage/etabli-diable-et-rangement-des-outils/servante-et-coffre-de-chantier/cat_id_1645.cat
369,cat_id_4148,Etabli fixe et aménageable,/outillage/etabli-diable-et-rangement-des-outils/etabli-fixe-et-amenageable/cat_id_4148.cat
370,cat_id_3091,Etabli pliant,/outillage/etabli-diable-et-rangement-des-outils/etabli-pliant/cat_id_3091.cat
371,cat_id_1845,Cantine,/outillage/etabli-diable-et-rangement-des-outils/cantine/cat_id_1845.cat
372,cat_id_1990,Caisse à outils (vide),/outillage/etabli-diable-et-rangement-des-outils/boite-a-outils-vide/cat_id_1990.cat
373,cat_id_3043,Rangement vis,/outillage/etabli-diable-et-rangement-des-outils/casier-a-vis-et-boite-de-rangement/cat_id_3043.cat
374,cat_id_0001944,Manutention et transport,/outillage/manutention-et-transport/cat_id_0001944.cat
375,cat_id_1706,Remorque,/outillage/materiel-de-chantier/remorque/cat_id_1706.cat
376,cat_id_3066,Diable et chariot,/outillage/etabli-diable-et-rangement-des-outils/diable-et-chariot/cat_id_3066.cat
377,cat_id_0001945,Plateau à roulettes,/outillage/manutention-et-transport/plateau-a-roulettes/cat_id_0001945.cat
378,cat_id_0001946,Transpalette,/outillage/manutention-et-transport/transpalette/cat_id_0001946.cat
379,cat_id_732,Brouette et accessoire,/jardin-et-terrasse/outil-entretien-et-materiel-du-jardin/brouette-et-accessoire/cat_id_732.cat
380,cat_id_764,Outil de levage,/outillage/outillage-a-main/outil-de-levage/cat_id_764.cat
381,cat_id_5273,"Vis, boulon, cheville, clou et crochet",/quincaillerie/vis-boulon-cheville-clou/cat_id_5273.cat
382,cat_id_2993,Vis,/quincaillerie/vis-boulon-cheville-clou/vis/cat_id_2993.cat
383,cat_id_2893,Boulon écrou et rondelle,/quincaillerie/vis-boulon-cheville-clou/boulon-ecrou-et-rondelle/cat_id_2893.cat
384,cat_id_2905,Cheville,/quincaillerie/vis-boulon-cheville-clou/cheville/cat_id_2905.cat
385,cat_id_5134,"Crochet, piton, gond à visser",/quincaillerie/vis-boulon-cheville-clou/crochet-piton-gond-a-visser/cat_id_5134.cat
386,cat_id_2911,Clou,/quincaillerie/vis-boulon-cheville-clou/clou/cat_id_2911.cat
387,cat_id_5272,Fixation et quincaillerie d'assemblage,/quincaillerie/fixation-et-quincaillerie-d-assemblage/cat_id_5272.cat
388,cat_id_2916,Colle,/quincaillerie/fixation-et-quincaillerie-d-assemblage/colle-et-adhesif/colle/cat_id_2916.cat
389,cat_id_2885,Adhésif,/quincaillerie/fixation-et-quincaillerie-d-assemblage/colle-et-adhesif/adhesif/cat_id_2885.cat
390,cat_id_2954,Equerre,/quincaillerie/fixation-et-quincaillerie-d-assemblage/equerre/cat_id_2954.cat
391,cat_id_2957,Patte de fixation,/quincaillerie/fixation-et-quincaillerie-d-assemblage/patte-de-fixation/cat_id_2957.cat
392,cat_id_2955,Ferrure,/quincaillerie/fixation-et-quincaillerie-d-assemblage/ferrure/cat_id_2955.cat
393,cat_id_2953,Crochet,/quincaillerie/fixation-et-quincaillerie-d-assemblage/crochet/cat_id_2953.cat
394,cat_id_1769,Tourillon et lamello,/quincaillerie/fixation-et-quincaillerie-d-assemblage/tourillon-et-lamello/cat_id_1769.cat
395,cat_id_2980,Tôle et profilé,/quincaillerie/quincaillerie-du-batiment/tole-et-profile/cat_id_2980.cat
396,cat_id_2945,"Corde, sangle, tendeur, chaîne et cable",/quincaillerie/quincaillerie-du-batiment/corde-sangle-sandow-chaine-et-cable/cat_id_2945.cat
397,cat_id_2966,Quincaillerie de meuble,/quincaillerie/quincaillerie-de-meuble/cat_id_2966.cat
398,cat_id_945,Bouton et poignée de meuble,/decoration-interieure/decoration-murale-et-accessoires-deco/poignee-et-bouton/bouton-et-poignee-de-meuble/cat_id_945.cat
399,cat_id_2963,"Pied, patin et embout",/quincaillerie/quincaillerie-de-meuble/pied-patin-et-embout/cat_id_2963.cat
400,cat_id_2967,Charnière d'ameublement,/quincaillerie/quincaillerie-de-meuble/charniere-d-ameublement/cat_id_2967.cat
401,cat_id_2975,Roulette et roue,/quincaillerie/quincaillerie-de-meuble/roulette-et-roue/cat_id_2975.cat
402,cat_id_2968,"Compas, coulisse et coulisseau",/quincaillerie/quincaillerie-de-meuble/compas-coulisse-et-coulisseau/cat_id_2968.cat
403,cat_id_3014,Loquetaux,/quincaillerie/quincaillerie-de-meuble/loquetaux/cat_id_3014.cat
404,cat_id_2973,Paumelle d'ameublement,/quincaillerie/quincaillerie-de-meuble/paumelle-d-ameublement/cat_id_2973.cat
405,cat_id_2970,Fiche d'ameublement,/quincaillerie/quincaillerie-de-meuble/fiche-d-ameublement/cat_id_2970.cat
406,cat_id_5271,Boîte aux lettres et signalétique extérieure,/quincaillerie/securite-boites-aux-lettres/cat_id_5271.cat
407,cat_id_2892,Boite aux lettres et accessoire,/quincaillerie/securite-boites-aux-lettres/boite-aux-lettres-et-accessoire/cat_id_2892.cat
408,cat_id_2960,Numéro de maison,/quincaillerie/quincaillerie-du-batiment/signalisation/chiffre-et-lettre/cat_id_2960.cat
409,cat_id_2962,Plaque de signalisation et panneau de chantier,/quincaillerie/quincaillerie-du-batiment/signalisation/plaque-de-signalisation-et-panneau-de-chantier/cat_id_2962.cat
410,cat_id_2959,Barrière de parking,/quincaillerie/quincaillerie-du-batiment/signalisation/barriere-de-parking/cat_id_2959.cat
411,cat_id_4667,Sécurité et serrurerie,/quincaillerie/serrure-verrou/cat_id_4667.cat
412,cat_id_3444,Coffre-fort,/quincaillerie/securite-boites-aux-lettres/coffre-fort/cat_id_3444.cat
413,cat_id_5453,Armoire à fusils,/quincaillerie/securite-boites-aux-lettres/armoire-a-fusils/cat_id_5453.cat
414,cat_id_3451,Serrure à encastrer,/quincaillerie/serrure-verrou/serrure-a-encastrer/cat_id_3451.cat
415,cat_id_3453,Cylindre de serrure,/quincaillerie/serrure-verrou/cylindre-de-serrure/cat_id_3453.cat
416,cat_id_3454,Serrure en applique,/quincaillerie/serrure-verrou/serrure-en-applique/cat_id_3454.cat
417,cat_id_2974,Serrure de meuble,/quincaillerie/quincaillerie-de-meuble/serrure-de-meuble/cat_id_2974.cat
418,cat_id_3469,Verrou,/quincaillerie/serrure-verrou/verrou/cat_id_3469.cat
419,cat_id_3437,"Cadenas, antivol",/quincaillerie/securite-boites-aux-lettres/cadenas-antivol/cat_id_3437.cat
420,cat_id_3427,Sécurité porte et fenêtre,/quincaillerie/securite-boites-aux-lettres/securite-porte-et-fenetre/cat_id_3427.cat
421,cat_id_3446,Interrupteur et prise,/electricite/interrupteur-et-prise/cat_id_3446.cat
422,cat_id_0001765,Prise encastrable,/electricite/interrupteur-et-prise/interrupteur-et-prise-encastree/prise-encastree/cat_id_0001765.cat
423,cat_id_0001764,Interrupteur encastrable,/electricite/interrupteur-et-prise/interrupteur-et-prise-encastree/interrupteur-encastre/cat_id_0001764.cat
424,cat_id_0001766,Plaque de finition pour interrupteur et prise,/electricite/interrupteur-et-prise/interrupteur-et-prise-encastree/plaque-de-finition/cat_id_0001766.cat
425,cat_id_0001725,Interrupteur en saillie,/electricite/interrupteur-et-prise/interrupteur-et-prise-en-saillie/interrupteur-en-saillie/cat_id_0001725.cat
426,cat_id_0001726,Prise en saillie,/electricite/interrupteur-et-prise/interrupteur-et-prise-en-saillie/prise-en-saillie/cat_id_0001726.cat
427,cat_id_0002399,Interrupteur étanche,/interrupteur-etanche/cat_id_0002399.cat
428,cat_id_0002400,Prise étanche,/prise-etanche/cat_id_0002400.cat
429,cat_id_1227,Commande de l'éclairage,/electricite/interrupteur-et-prise/commande-de-l-eclairage/cat_id_1227.cat
430,cat_id_783,"Câble, fil et gaine électrique",/electricite/cable-fil-et-gaine-electrique/cat_id_783.cat
431,cat_id_1221,Câble et fil d’installation,/electricite/cable-fil-et-gaine-electrique/cable-et-fil-d-installation/cat_id_1221.cat
432,cat_id_1189,Câble et fil d'alimentation,/electricite/cable-fil-et-gaine-electrique/cable-fil-et-cordon-d-alimentation/cat_id_1189.cat
433,cat_id_1235,Gaine électrique,/electricite/cable-fil-et-gaine-electrique/gaine-electrique/cat_id_1235.cat
434,cat_id_1240,Boîte de dérivation,/electricite/cable-fil-et-gaine-electrique/boite-de-derivation/cat_id_1240.cat
435,cat_id_3741,"Câble et connectique multimédia, équipement TV",/electricite/antenne-tv-decodeur-tnt-prise-de-telephone-et-informatique/cat_id_3741.cat
436,cat_id_982,"Moulure, goulotte et plinthe",/electricite/cable-fil-et-gaine-electrique/moulure-et-plinthe/cat_id_982.cat
437,cat_id_759,Fixation et raccordement du câble,/electricite/cable-fil-et-gaine-electrique/fixation-et-raccordement-du-cable/cat_id_759.cat
438,cat_id_1875,Outils d'électricien,/electricite/outils-d-electricien/cat_id_1875.cat
439,cat_id_2038,Tableau électrique et protection,/electricite/tableau-electrique-et-protection/cat_id_2038.cat
440,cat_id_1264,Tableau électrique pré-équipé,/electricite/tableau-electrique-et-protection/tableau-electrique-pre-equipe/cat_id_1264.cat
441,cat_id_4043,Tableau électrique nu,/electricite/tableau-electrique-et-protection/tableau-electrique-nu/cat_id_4043.cat
442,cat_id_4047,Interrupteur et disjoncteur différentiel,/electricite/tableau-electrique-et-protection/interrupteur-et-disjoncteur-differentiel/cat_id_4047.cat
443,cat_id_4045,Disjoncteur et coupe-circuit,/electricite/tableau-electrique-et-protection/disjoncteur-et-coupe-circuit/cat_id_4045.cat
444,cat_id_4050,Accessoire de raccordement,/electricite/tableau-electrique-et-protection/accessoire-de-raccordement/cat_id_4050.cat
445,cat_id_4046,Gaine technique de logement GTL,/electricite/tableau-electrique-et-protection/gaine-technique-de-logement-gtl/cat_id_4046.cat
446,cat_id_1182,"Rallonge électrique, enrouleur électrique et multiprise",/electricite/rallonge-electrique-enrouleur-electrique-et-multiprise/cat_id_1182.cat
447,cat_id_1184,Multiprise,/electricite/rallonge-electrique-enrouleur-electrique-et-multiprise/multiprise/cat_id_1184.cat
448,cat_id_4053,Rallonge électrique,/electricite/rallonge-electrique-enrouleur-electrique-et-multiprise/rallonge-electrique/cat_id_4053.cat
449,cat_id_1203,Enrouleur électrique,/electricite/rallonge-electrique-enrouleur-electrique-et-multiprise/enrouleur-electrique/cat_id_1203.cat
450,cat_id_5447,Rallonge électrique et enrouleur de jardin,/jardin-et-terrasse/tondeuse-et-outil-motorise/rallonge-electrique-et-enrouleur-de-jardin/cat_id_5447.cat
451,cat_id_1211,Range-fil et cache-fil,/electricite/rallonge-electrique-enrouleur-electrique-et-multiprise/range-fil-et-cache-fil/cat_id_1211.cat
452,cat_id_1255,Lampe torche et projecteur de chantier,/electricite/lampe-torche-baladeuse-et-projecteur-de-chantier/cat_id_1255.cat
453,cat_id_1258,Pile et rechargeable,/electricite/pile-et-rechargeable/cat_id_1258.cat
454,cat_id_3146,Sécurité de la maison,/alarme-securite-de-la-maison/cat_id_3146.cat
455,cat_id_3462,Alarme sans fil,/alarme-securite-de-la-maison/alarme-et-videosurveillance/alarme-sans-fil/cat_id_3462.cat
456,cat_id_3474,Caméra de surveillance,/alarme-securite-de-la-maison/alarme-et-videosurveillance/videosurveillance/cat_id_3474.cat
457,cat_id_3703,"Interphone, visiophone et sonnette",/alarme-securite-de-la-maison/interphone-carillon-et-sonnette/cat_id_3703.cat
458,cat_id_1245,Motorisation de portail,/alarme-securite-de-la-maison/motorisation-de-portail-garage-et-volet/motorisation-de-portail/cat_id_1245.cat
459,cat_id_1246,Motorisation de porte de garage,/alarme-securite-de-la-maison/motorisation-de-portail-garage-et-volet/motorisation-de-porte-de-garage/cat_id_1246.cat
460,cat_id_1247,Motorisation de volet,/alarme-securite-de-la-maison/motorisation-de-portail-garage-et-volet/motorisation-de-volet/cat_id_1247.cat
461,cat_id_3478,Détecteur de fumée et de gaz,/alarme-securite-de-la-maison/detecteur-de-fumee-gaz-et-protection-incendie/cat_id_3478.cat
462,cat_id_4081,Maison connectée,/maison-connectee-domotique-et-objet-connecte/cat_id_4081.cat
463,cat_id_5243,Assistant vocal et multimédia,/maison-connectee-domotique-et-objet-connecte/assistant-vocal-accessoire-tv-et-multimedia-connecte/cat_id_5243.cat
464,cat_id_5240,Alarme et sécurité connectée,/maison-connectee-domotique-et-objet-connecte/securite-connectee/cat_id_5240.cat
465,cat_id_5241,Eclairage connecté,/maison-connectee-domotique-et-objet-connecte/eclairage-connecte/cat_id_5241.cat
466,cat_id_5242,Chauffage connecté,/maison-connectee-domotique-et-objet-connecte/chauffage-connecte/cat_id_5242.cat
467,cat_id_0001113,Electroménager connecté,/maison-connectee-domotique-et-objet-connecte/electromenager-connecte/cat_id_0001113.cat
468,cat_id_5261,Aspirateur connecté,/maison-connectee-domotique-et-objet-connecte/outillage-connecte/aspirateur-connecte/cat_id_5261.cat
469,cat_id_5259,Tondeuse connectée,/maison-connectee-domotique-et-objet-connecte/jardin-connecte/tondeuse-connectee/cat_id_5259.cat
470,cat_id_1482,Chauffage électrique,/chauffage-climatisation-et-ventilation/chauffage-electrique/cat_id_1482.cat
471,cat_id_316,Radiateur électrique,/chauffage-climatisation-et-ventilation/chauffage-electrique/radiateur-electrique/cat_id_316.cat
472,cat_id_3458,Sèche-serviettes électrique,/chauffage-climatisation-et-ventilation/seche-serviettes/seche-serviettes-electrique/cat_id_3458.cat
473,cat_id_3944,Chauffage au sol électrique,/chauffage-climatisation-et-ventilation/chauffage-electrique/chauffage-au-sol-electrique/cat_id_3944.cat
474,cat_id_1122,Thermostat,/chauffage-climatisation-et-ventilation/thermostat/cat_id_1122.cat
475,cat_id_1795,Chauffage d'appoint,/chauffage-climatisation-et-ventilation/chauffage-d-appoint/cat_id_1795.cat
476,cat_id_308,Radiateur soufflant,/chauffage-climatisation-et-ventilation/chauffage-d-appoint/radiateur-soufflant/cat_id_308.cat
477,cat_id_367,Chauffage bois et bois de chauffage,/chauffage-climatisation-et-ventilation/chauffage-bois-et-bois-de-chauffage/cat_id_367.cat
478,cat_id_370,Poêle à bois,/chauffage-climatisation-et-ventilation/chauffage-bois-et-bois-de-chauffage/poele-a-bois/cat_id_370.cat
479,cat_id_760,Poêle à granulés,/chauffage-climatisation-et-ventilation/chauffage-bois-et-bois-de-chauffage/poele-a-granules/cat_id_760.cat
480,cat_id_368,Foyer et insert,/chauffage-climatisation-et-ventilation/chauffage-bois-et-bois-de-chauffage/foyer-insert-et-poele-a-encastrer/cat_id_368.cat
481,cat_id_388,Bois de chauffage,/chauffage-climatisation-et-ventilation/chauffage-bois-et-bois-de-chauffage/bois-de-chauffage-granule-et-allume-feu/cat_id_388.cat
482,cat_id_0002115,Granulés de bois,/chauffage-climatisation-et-ventilation/chauffage-bois-et-bois-de-chauffage/granules-de-bois/cat_id_0002115.cat
483,cat_id_0002116,Allume-feu,/chauffage-climatisation-et-ventilation/chauffage-bois-et-bois-de-chauffage/allume-feu/cat_id_0002116.cat
484,cat_id_393,Raccordement pour poêle et foyer,/chauffage-climatisation-et-ventilation/chauffage-bois-et-bois-de-chauffage/raccordement-pour-poele-a-bois-foyer-insert-et-poele-a-granules/cat_id_393.cat
485,cat_id_378,Accessoires poêle et cheminée,/chauffage-climatisation-et-ventilation/chauffage-bois-et-bois-de-chauffage/serviteur-panier-vide-cendres-et-accessoire/cat_id_378.cat
486,cat_id_344,Chauffage central,/chauffage-climatisation-et-ventilation/chauffage-central/cat_id_344.cat
487,cat_id_325,Radiateur eau chaude,/chauffage-climatisation-et-ventilation/chauffage-central/radiateur-chauffage-central/cat_id_325.cat
488,cat_id_985,Sèche-serviettes eau chaude,/chauffage-climatisation-et-ventilation/seche-serviettes/seche-serviettes-eau-chaude/cat_id_985.cat
489,cat_id_1783,Robinet thermostatique et manuel pour radiateur eau chaude,/chauffage-climatisation-et-ventilation/chauffage-central/robinet-thermostatique-et-manuel-pour-radiateur-eau-chaude/cat_id_1783.cat
490,cat_id_1076,Raccordement chaudiere,/chauffage-climatisation-et-ventilation/chauffage-central/raccordement-chaudiere/cat_id_1076.cat
491,cat_id_345,Accessoire pour chaudière gaz,/chauffage-climatisation-et-ventilation/chauffage-central/accessoire-pour-chaudiere-gaz/cat_id_345.cat
492,cat_id_349,Accessoire pour chaudiere fioul,/chauffage-climatisation-et-ventilation/chauffage-central/accessoire-pour-chaudiere-fioul/cat_id_349.cat
493,cat_id_1800,Saturateur et tablette,/chauffage-climatisation-et-ventilation/chauffage-central/saturateur-et-tablette/cat_id_1800.cat
494,cat_id_3308,"Climatisation, ventilation",/chauffage-climatisation-et-ventilation/climatiseur-ventilateur/cat_id_3308.cat
495,cat_id_411,Climatiseur mobile,/chauffage-climatisation-et-ventilation/climatiseur-ventilateur/climatiseur-mobile/cat_id_411.cat
496,cat_id_415,Ventilateur et rafraîchisseur d'air,/chauffage-climatisation-et-ventilation/climatiseur-ventilateur/ventilateur/cat_id_415.cat
497,cat_id_2023,Pompe à chaleur,/chauffage-climatisation-et-ventilation/climatiseur-ventilateur/climatiseur-reversible-pompe-a-chaleur/cat_id_2023.cat
498,cat_id_413,Accessoire climatiseur fixe,/chauffage-climatisation-et-ventilation/climatiseur-ventilateur/accessoire-climatiseur/cat_id_413.cat
499,cat_id_429,VMC (ventilation mécanique contrôlée),/chauffage-climatisation-et-ventilation/vmc-et-aerateur/vmc-ventilation-mecanique-controlee/cat_id_429.cat
500,cat_id_426,Aérateur et extracteur d'air,/chauffage-climatisation-et-ventilation/vmc-et-aerateur/aerateur-et-extracteur-d-air/cat_id_426.cat
501,cat_id_423,Déshumidificateur d'air,/chauffage-climatisation-et-ventilation/deshumidificateur-humidificateur-purificateur-d-air/deshumidificateur-d-air/cat_id_423.cat
502,cat_id_2267,Plomberie,/plomberie/cat_id_2267.cat
503,cat_id_2351,Chauffe-eau,/plomberie/chauffe-eau/cat_id_2351.cat
504,cat_id_2268,Adoucisseur d'eau et filtre anti-calcaire,/plomberie/adoucisseur-d-eau-et-filtre-anti-calcaire/cat_id_2268.cat
505,cat_id_2278,Mécanisme chasse d'eau,/plomberie/alimentation-en-eau/mecanisme-de-wc/cat_id_2278.cat
506,cat_id_592,"Mastic, joint et silicone",/materiaux-et-gros-oeuvre/materiaux/produit-d-etancheite/cartouche-joint-et-silicone/cat_id_592.cat
507,cat_id_2362,Entretien et débouchage,/plomberie/evacuation-des-eaux/entretien-et-debouchage/cat_id_2362.cat
508,cat_id_2397,Etanchéité sanitaire,/materiaux-et-gros-oeuvre/materiaux/produit-d-etancheite/etancheite-sanitaire/cat_id_2397.cat
509,cat_id_2303,Joint et clapet,/plomberie/joint-et-clapet/cat_id_2303.cat
510,cat_id_5133,Raccordement tuyau gaz,/plomberie/raccordement-tuyau-et-flexible-de-gaz/cat_id_5133.cat
511,cat_id_2409,Soudure de plomberie,/plomberie/soudure-de-plomberie/cat_id_2409.cat
512,cat_id_1867,Outils du plombier,/plomberie/outils-du-plombier/cat_id_1867.cat
513,cat_id_2374,Evacuation d'évier,/plomberie/evacuation-des-eaux/evacuation-d-evier-siphon-et-bouchon/cat_id_2374.cat
514,cat_id_2375,Evacuation de lavabo-vasque,/plomberie/evacuation-des-eaux/evacuation-de-lavabo-vasque/cat_id_2375.cat
515,cat_id_2373,Evacuation de douche,/plomberie/evacuation-des-eaux/evacuation-de-douche/cat_id_2373.cat
516,cat_id_2382,Tube et raccord PVC,/plomberie/evacuation-des-eaux/tube-et-raccord-pvc/cat_id_2382.cat
517,cat_id_2283,Tube et raccord cuivre,/plomberie/alimentation-en-eau/tube-et-raccord-cuivre/cat_id_2283.cat
518,cat_id_2311,Tube et raccord PER,/plomberie/alimentation-en-eau/tube-et-raccord-per/cat_id_2311.cat
519,cat_id_3945,Tube et raccord multicouche,/plomberie/alimentation-en-eau/tube-et-raccord-multicouche/cat_id_3945.cat
520,cat_id_2308,Tube et raccord polyéthylène,/plomberie/alimentation-en-eau/tube-polyethylene-pour-exterieur/cat_id_2308.cat
521,cat_id_0001086,Raccord à visser,/plomberie/alimentation-en-eau/raccord-a-visser/cat_id_0001086.cat
522,cat_id_2299,Flexible robinetterie,/plomberie/alimentation-en-eau/flexible-de-robinet/cat_id_2299.cat
523,cat_id_2711,Isolation Construction,/materiaux-et-gros-oeuvre/cat_id_2711.cat
524,cat_id_667,Matériaux de construction,/materiaux-et-gros-oeuvre/materiau-poudre-et-agregat/cat_id_667.cat
525,cat_id_5265,"Béton, ciment, mortier, ragréage",/materiaux-et-gros-oeuvre/materiau-poudre-et-agregat/beton-ciment-mortier-ragreage/cat_id_5265.cat
526,cat_id_679,Armature et ferraillage,/materiaux-et-gros-oeuvre/materiau-poudre-et-agregat/armature-et-ferraillage/cat_id_679.cat
527,cat_id_5039,Parpaing,/materiaux-et-gros-oeuvre/materiau-poudre-et-agregat/parpaing/cat_id_5039.cat
528,cat_id_690,Brique,/materiaux-et-gros-oeuvre/materiau-poudre-et-agregat/brique-et-bloc/cat_id_690.cat
529,cat_id_5028,Sable,/materiaux-et-gros-oeuvre/materiau-poudre-et-agregat/sable/cat_id_5028.cat
530,cat_id_5029,Gravier,/materiaux-et-gros-oeuvre/materiau-poudre-et-agregat/gravier/cat_id_5029.cat
531,cat_id_163,Matériaux bois et verre,/menuiserie/panneau-bois-lambris-tablette-tasseau-moulure-et-plinthe/cat_id_163.cat
532,cat_id_598,Mousse expansive,/materiaux-et-gros-oeuvre/materiaux/produit-d-etancheite/mousse-expansive/cat_id_598.cat
533,cat_id_5040,Linteau,/materiaux-et-gros-oeuvre/materiau-poudre-et-agregat/linteau-et-pre-linteau/cat_id_5040.cat
534,cat_id_5037,Appui de fenêtre,/materiaux-et-gros-oeuvre/materiau-poudre-et-agregat/appui-de-fenetre/cat_id_5037.cat
535,cat_id_720,Matériel de chantier,/outillage/materiel-de-chantier/cat_id_720.cat
536,cat_id_3475,Isolation,/materiaux-et-gros-oeuvre/isolation/cat_id_3475.cat
537,cat_id_0001923,Laine de verre,/materiaux-et-gros-oeuvre/isolation/laine-de-verre/cat_id_0001923.cat
538,cat_id_0001924,Laine de roche,/materiaux-et-gros-oeuvre/isolation/laine-de-roche/cat_id_0001924.cat
539,cat_id_0001926,Plaque polystyrène,/materiaux-et-gros-oeuvre/isolation/plaque-polystyrene/cat_id_0001926.cat
540,cat_id_0001925,Isolant en vrac,/materiaux-et-gros-oeuvre/isolation/isolant-en-vrac/cat_id_0001925.cat
541,cat_id_0001344,Isolant naturel,/materiaux-et-gros-oeuvre/isolation/isolant-naturel/cat_id_0001344.cat
542,cat_id_0001927,Isolant mince et réflecteur,/materiaux-et-gros-oeuvre/isolation/isolant-mince-et-reflecteur/cat_id_0001927.cat
543,cat_id_277,Isolation phonique,/materiaux-et-gros-oeuvre/isolation/isolation-phonique-et-acoustique/cat_id_277.cat
544,cat_id_640,Accessoire isolation,/materiaux-et-gros-oeuvre/isolation/accessoire-isolation/cat_id_640.cat
545,cat_id_643,Isolation des portes et fenêtres,/materiaux-et-gros-oeuvre/isolation/isolation-des-portes-et-fenetres/cat_id_643.cat
546,cat_id_651,Isolation de la porte de garage,/materiaux-et-gros-oeuvre/isolation/isolation-de-la-porte-de-garage/cat_id_651.cat
547,cat_id_654,Isolation des tuyaux,/materiaux-et-gros-oeuvre/isolation/isolation-des-tuyaux-et-circuits-d-eau-chaude/cat_id_654.cat
548,cat_id_562,Cloison,/materiaux-et-gros-oeuvre/cloison/cat_id_562.cat
549,cat_id_571,Plaque de plâtre,/materiaux-et-gros-oeuvre/cloison/plaque-de-platre-et-de-doublage/cat_id_571.cat
550,cat_id_5266,Ossature métallique pour plaque,/materiaux-et-gros-oeuvre/cloison/ossature-metallique-pour-plaque/cat_id_5266.cat
551,cat_id_2147,Enduit et calicot,/materiaux-et-gros-oeuvre/cloison/enduit-et-calicot/cat_id_2147.cat
552,cat_id_566,Béton cellulaire et carreau de plâtre,/materiaux-et-gros-oeuvre/cloison/beton-cellulaire-et-carreau-de-platre/cat_id_566.cat
553,cat_id_4206,Panneau à carreler,/materiaux-et-gros-oeuvre/cloison/panneau-a-carreler/cat_id_4206.cat
554,cat_id_5268,Cloison alvéolaire,/materiaux-et-gros-oeuvre/cloison/cloison-alveolaire/cat_id_5268.cat
555,cat_id_5269,"Verrière, cloison amovible",/materiaux-et-gros-oeuvre/separateur-de-piece/cat_id_5269.cat
556,cat_id_2381,Trappe de visite,/plomberie/evacuation-des-eaux/trappe-de-visite/cat_id_2381.cat
557,cat_id_817,Brique de verre,/materiaux-et-gros-oeuvre/separateur-de-piece/brique-de-verre/cat_id_817.cat
558,cat_id_473,"Toiture, charpente et couverture",/materiaux-et-gros-oeuvre/toiture-charpente-et-couverture/cat_id_473.cat
559,cat_id_478,Bois de charpente,/materiaux-et-gros-oeuvre/toiture-charpente-et-couverture/bois-de-charpente/cat_id_478.cat
560,cat_id_0002789,"Bac acier, tole acier toiture",/bac-acier-tole-acier-toiture/cat_id_0002789.cat
561,cat_id_0002790,Plaque polycarbonate,/plaque-polycarbonate/cat_id_0002790.cat
562,cat_id_0002791,Tole ondulée,/tole-ondulee/cat_id_0002791.cat
563,cat_id_488,Tôle et plaque pour toiture,/materiaux-et-gros-oeuvre/toiture-charpente-et-couverture/plaque-et-bardeau/cat_id_488.cat
564,cat_id_0002793,Faitière et arêtier,/faitiere-et-aretier/cat_id_0002793.cat
565,cat_id_0002792,Bardeau,/bardeau/cat_id_0002792.cat
566,cat_id_4078,Tuile,/materiaux-et-gros-oeuvre/toiture-charpente-et-couverture/tuile/cat_id_4078.cat
567,cat_id_4069,Etanchéité de la toiture,/materiaux-et-gros-oeuvre/materiaux/produit-d-etancheite/etancheite-de-la-toiture/cat_id_4069.cat
568,cat_id_2588,Anti-mousse,/materiaux-et-gros-oeuvre/materiaux/produit-d-etancheite/anti-mousse/cat_id_2588.cat
569,cat_id_794,Revêtement du mur extérieur,/materiaux-et-gros-oeuvre/materiaux/revetement-de-la-facade/cat_id_794.cat
570,cat_id_795,Bardage et clin,/materiaux-et-gros-oeuvre/materiaux/revetement-de-la-facade/bardage-et-clin/cat_id_795.cat
571,cat_id_806,Plaquette de parement extérieur,/materiaux-et-gros-oeuvre/materiaux/revetement-de-la-facade/plaquette-de-parement-exterieur/cat_id_806.cat
572,cat_id_707,Enduit de façade,/materiaux-et-gros-oeuvre/materiau-poudre-et-agregat/enduit-de-facade/cat_id_707.cat
573,cat_id_3680,Peinture extérieure façade et crépi,/peinture/peinture-exterieure/peinture-exterieure-facade-et-crepi/cat_id_3680.cat
574,cat_id_4068,Etanchéité de la façade,/materiaux-et-gros-oeuvre/materiaux/revetement-de-la-facade/etancheite-de-la-facade/cat_id_4068.cat
575,cat_id_599,"Traitement, évacuation des eaux et étanchéité",/materiaux-et-gros-oeuvre/materiaux/evacuation-des-eaux-et-assainissement/cat_id_599.cat
576,cat_id_2774,Cuve de récupération d'eau de pluie enterrée,/materiaux-et-gros-oeuvre/materiaux/cuve-a-eau-enterree/cat_id_2774.cat
577,cat_id_131,Récupérateur d'eau de pluie,/jardin-et-terrasse/arrosage-pompe-et-recuperateur-d-eau/recuperateur-d-eau-de-pluie/cat_id_131.cat
578,cat_id_610,Gouttière et descente,/materiaux-et-gros-oeuvre/materiaux/gouttiere-et-accessoire/cat_id_610.cat
579,cat_id_625,"Caniveau, siphon et regard",/materiaux-et-gros-oeuvre/materiaux/caniveau-regard-grille-d-evacuation-et-siphon/cat_id_625.cat
580,cat_id_63,Pompe à eau et surpresseur,/jardin-et-terrasse/arrosage-pompe-et-recuperateur-d-eau/pompe-a-eau-et-surpresseur/cat_id_63.cat
581,cat_id_600,Fosse septique,/materiaux-et-gros-oeuvre/materiaux/evacuation-des-eaux-et-assainissement/fosse-septique-et-accessoire/cat_id_600.cat
582,cat_id_4162,Barrière anti-inondation,/materiaux-et-gros-oeuvre/materiaux/barriere-anti-inondation/cat_id_4162.cat
583,cat_id_601,Gaine et drain,/materiaux-et-gros-oeuvre/materiaux/evacuation-des-eaux-et-assainissement/gaine-et-drain/cat_id_601.cat
584,cat_id_592,"Mastic, cartouche joint et silicone",/materiaux-et-gros-oeuvre/materiaux/produit-d-etancheite/cartouche-joint-et-silicone/cat_id_592.cat
585,cat_id_580,Etanchéité des murs et sols,/materiaux-et-gros-oeuvre/materiaux/produit-d-etancheite/cat_id_580.cat
586,cat_id_3519,Menuiserie et bois,/menuiserie/cat_id_3519.cat
587,cat_id_163,Matériaux bois et verre,/menuiserie/panneau-bois-lambris-tablette-tasseau-moulure-et-plinthe/cat_id_163.cat
588,cat_id_5013,"Panneau bois, OSB, MDF",/menuiserie/panneau-bois-lambris-tablette-tasseau-moulure-et-plinthe/panneau-bois-agglomere-melamine-mdf-et-osb/cat_id_5013.cat
589,cat_id_295,Tablette bois et mélaminé,/menuiserie/panneau-bois-lambris-tablette-tasseau-moulure-et-plinthe/tablette-bois/cat_id_295.cat
590,cat_id_305,Tasseau bois,/menuiserie/panneau-bois-lambris-tablette-tasseau-moulure-et-plinthe/tasseau/cat_id_305.cat
591,cat_id_0002512,Panneau tasseau bois,/panneau-tasseau-bois/cat_id_0002512.cat
592,cat_id_478,Bois de charpente,/materiaux-et-gros-oeuvre/toiture-charpente-et-couverture/bois-de-charpente/cat_id_478.cat
593,cat_id_0001957,Planche de bois,/menuiserie/panneau-bois-lambris-tablette-tasseau-moulure-et-plinthe/planche-de-bois/cat_id_0001957.cat
594,cat_id_0002619,Plateau de table,/plateau-de-table/cat_id_0002619.cat
595,cat_id_271,Plancher bois,/carrelage-sol/parquet-sol-stratifie-et-plancher/plancher-bois/cat_id_271.cat
596,cat_id_278,Plinthe bois,/menuiserie/panneau-bois-lambris-tablette-tasseau-moulure-et-plinthe/plinthe-bois/cat_id_278.cat
597,cat_id_4446,Moulure,/menuiserie/panneau-bois-lambris-tablette-tasseau-moulure-et-plinthe/moulure/cat_id_4446.cat
598,cat_id_291,Poutre,/menuiserie/panneau-bois-lambris-tablette-tasseau-moulure-et-plinthe/poutre/cat_id_291.cat
599,cat_id_822,Verre,/menuiserie/fenetre-fenetre-de-toit-volet/verre-et-occultation/verre/cat_id_822.cat
600,cat_id_3552,"Fenêtre, fenêtre de toit, volet",/menuiserie/fenetre-fenetre-de-toit-volet/cat_id_3552.cat
601,cat_id_4337,Fenêtre,/menuiserie/fenetre-fenetre-de-toit-volet/fenetre/cat_id_4337.cat
602,cat_id_4314,Velux et fenêtre de toit,/menuiserie/fenetre-fenetre-de-toit-volet/fenetre-de-toit-et-accessoire/cat_id_4314.cat
603,cat_id_2552,Porte-fenêtre et baie vitrée coulissante,/menuiserie/fenetre-fenetre-de-toit-volet/porte-fenetre-et-baie-vitree-coulissante/cat_id_2552.cat
604,cat_id_2580,Volet,/menuiserie/fenetre-fenetre-de-toit-volet/volet-et-accessoire/cat_id_2580.cat
605,cat_id_5373,"Poignée de fenêtre, porte-fenêtre et baie vitrée",/decoration-interieure/decoration-murale-et-accessoires-deco/poignee-et-bouton/poignee-de-fenetre/cat_id_5373.cat
606,cat_id_5049,Puits de lumière,/menuiserie/fenetre-fenetre-de-toit-volet/fenetre-de-toit-et-accessoire/puits-de-lumiere/cat_id_5049.cat
607,cat_id_2539,Moustiquaire,/menuiserie/fenetre-fenetre-de-toit-volet/moustiquaire/cat_id_2539.cat
608,cat_id_0002929,Store enrouleur extérieur,/store-enrouleur-exterieur/cat_id_0002929.cat
609,cat_id_3584,Film pour vitrage,/menuiserie/fenetre-fenetre-de-toit-volet/verre-et-occultation/film-pour-vitrage/cat_id_3584.cat
610,cat_id_5056,Fenêtre sur-mesure,/menuiserie/menuiserie-sur-mesure/fenetre-sur-mesure/cat_id_5056.cat
611,cat_id_5055,Volet sur-mesure,/menuiserie/menuiserie-sur-mesure/volet-sur-mesure/cat_id_5055.cat
612,cat_id_3520,Porte intérieure,/menuiserie/porte-interieure/cat_id_3520.cat
613,cat_id_4219,Bloc porte,/menuiserie/porte-interieure/bloc-porte/cat_id_4219.cat
614,cat_id_4222,Porte coulissante,/menuiserie/porte-interieure/porte-coulissante/cat_id_4222.cat
615,cat_id_1011,Poignée de porte intérieure,/decoration-interieure/decoration-murale-et-accessoires-deco/poignee-et-bouton/poignee-de-porte/cat_id_1011.cat
616,cat_id_0005985,Poignée de porte coulissante,/menuiserie/porte-interieure/poignee-de-porte-et-fenetre/poignee-de-porte-coulissante/cat_id_0005985.cat
617,cat_id_5314,Bloc porte style industriel,/menuiserie/separateur-style-industriel/bloc-porte-style-industriel/cat_id_5314.cat
618,cat_id_5315,Porte coulissante style industriel,/menuiserie/separateur-style-industriel/porte-coulissante-style-industriel/cat_id_5315.cat
619,cat_id_2480,Habillage porte,/menuiserie/porte-interieure/habillage-porte/cat_id_2480.cat
620,cat_id_3522,"Porte extérieure, de service et porte de garage",/menuiserie/porte-exterieure-de-service-et-porte-de-garage/cat_id_3522.cat
621,cat_id_2568,Porte d'entrée,/menuiserie/porte-exterieure-de-service-et-porte-de-garage/porte-d-entree/cat_id_2568.cat
622,cat_id_2564,Porte de service,/menuiserie/porte-exterieure-de-service-et-porte-de-garage/porte-de-service/cat_id_2564.cat
623,cat_id_2556,Porte de garage,/jardin-et-terrasse/portail-portillon-porte-de-garage-et-motorisation/porte-de-garage/cat_id_2556.cat
624,cat_id_2464,Portail et portillon,/jardin-et-terrasse/portail-portillon-porte-de-garage-et-motorisation/portail-et-portillon/cat_id_2464.cat
625,cat_id_0005978,Poignée de porte extérieure,/menuiserie/porte-interieure/poignee-de-porte-et-fenetre/poignee-de-porte-exterieure/cat_id_0005978.cat
626,cat_id_8,Auvent et marquise,/menuiserie/porte-exterieure-de-service-et-porte-de-garage/auvent-et-marquise/cat_id_8.cat
627,cat_id_5053,Porte d'entrée sur-mesure,/menuiserie/menuiserie-sur-mesure/porte-d-entree-sur-mesure/cat_id_5053.cat
628,cat_id_5054,Porte de garage sur-mesure,/menuiserie/menuiserie-sur-mesure/porte-de-garage-sur-mesure/cat_id_5054.cat
629,cat_id_5269,"Verrière, cloison amovible",/materiaux-et-gros-oeuvre/separateur-de-piece/cat_id_5269.cat
630,cat_id_5077,Verrière,/menuiserie/separateur-style-industriel/verriere-interieure/cat_id_5077.cat
631,cat_id_5993,Cloison amovible,/materiaux-et-gros-oeuvre/separateur-de-piece/cloison-amovible/cat_id_5993.cat
632,cat_id_5316,Cloison amovible style industriel,/menuiserie/separateur-style-industriel/cloison-amovible-style-industriel/cat_id_5316.cat
633,cat_id_0005595,Cloison modulaire Alara,/materiaux-et-gros-oeuvre/separateur-de-piece/cloison-modulaire-alara/cat_id_0005595.cat
634,cat_id_3553,"Escalier, rampe et balustrade",/menuiserie/escalier-rampe-et-balustrade/cat_id_3553.cat
635,cat_id_2473,Escalier,/menuiserie/escalier-rampe-et-balustrade/escalier/cat_id_2473.cat
636,cat_id_559,"Garde-corps, balustrade",/menuiserie/escalier-rampe-et-balustrade/garde-corps-balustrade/cat_id_559.cat
637,cat_id_2474,Rampe d'escalier,/menuiserie/escalier-rampe-et-balustrade/rampe-d-escalier/cat_id_2474.cat
638,cat_id_5099,Barrière de sécurité,/menuiserie/escalier-rampe-et-balustrade/barriere-de-securite/cat_id_5099.cat
639,cat_id_4682,Accessoire d'escalier,/menuiserie/escalier-rampe-et-balustrade/accessoire-d-escalier/cat_id_4682.cat
640,cat_id_5021,Déstockage massif,/destockage-et-offres-speciales/destockage-massif/cat_id_5021.cat
641,cat_id_5113,Déstockage Cuisine,/destockage-et-offres-speciales/destockage-massif/destockage-cuisine/cat_id_5113.cat
642,cat_id_5342,Déstockage Salle de bains et WC,/destockage-et-offres-speciales/destockage-massif/destockage-salle-de-bains-et-wc/cat_id_5342.cat
643,cat_id_5343,Déstockage Rangement Dressing,/destockage-et-offres-speciales/destockage-massif/destockage-rangement-dressing/cat_id_5343.cat
644,cat_id_5344,Déstockage Sol Carrelage,/destockage-et-offres-speciales/destockage-massif/destockage-sol-carrelage/cat_id_5344.cat
645,cat_id_5346,Déstockage Outillage Quincaillerie,/destockage-et-offres-speciales/destockage-massif/destockage-outillage-quincaillerie/cat_id_5346.cat
646,cat_id_5349,Déstockage Décoration,/destockage-et-offres-speciales/destockage-massif/destockage-decoration/cat_id_5349.cat
647,cat_id_5350,Déstockage Luminaire,/destockage-et-offres-speciales/destockage-massif/destockage-luminaire/cat_id_5350.cat
648,cat_id_5123,Déstockage Jardin Terrasse,/destockage-et-offres-speciales/destockage-massif/destockage-jardin-terrasse/cat_id_5123.cat
649,cat_id_5345,Déstockage Peinture Droguerie,/destockage-et-offres-speciales/destockage-massif/destockage-peinture-droguerie/cat_id_5345.cat
650,cat_id_5347,Déstockage Chauffage Plomberie,/destockage-et-offres-speciales/destockage-massif/destockage-chauffage-plomberie/cat_id_5347.cat
651,cat_id_5348,Déstockage Matériaux Menuiserie,/destockage-et-offres-speciales/destockage-massif/destockage-materiaux-menuiserie/cat_id_5348.cat
652,cat_id_0001551,Exclu web,/exclu-web/cat_id_0001551.cat
653,cat_id_0001552,Exclu web outillage,/exclu-web/outillage/cat_id_0001552.cat
654,cat_id_0001553,Exclu web jardin,/exclu-web/jardin/cat_id_0001553.cat
655,cat_id_0001557,Exclu web décoration,/exclu-web/decoration/cat_id_0001557.cat
656,cat_id_0001558,Exclu web luminaire,/exclu-web/luminaire/cat_id_0001558.cat
657,cat_id_0001559,Exclu web peinture,/exclu-web/peinture/cat_id_0001559.cat
658,cat_id_0001580,Exclu web accessoire pour voiture,/exclu-web/exclu-web-accessoire-pour-voiture/cat_id_0001580.cat
659,cat_id_0001556,Exclu web cuisine,/exclu-web/cuisine/cat_id_0001556.cat
660,cat_id_0001554,Exclu web salle de bains,/exclu-web/salle-de-bains/cat_id_0001554.cat
661,cat_id_0001555,Exclu web rangement,/exclu-web/rangement/cat_id_0001555.cat
662,cat_id_0001562,Exclu web menuiserie,/exclu-web/exclu-web-menuiserie/cat_id_0001562.cat
663,cat_id_0002241,Exclu web matériaux et gros oeuvre,/exclu-web/exclu-web-materiaux-et-gros-oeuvre/cat_id_0002241.cat
664,cat_id_5360,Bons plans,/destockage-et-offres-speciales/bons-plans/cat_id_5360.cat
665,cat_id_0002677,Maitriser sa consommation et économiser l'eau,/maitriser-sa-consommation-et-economiser-leau/cat_id_0002677.cat
666,cat_id_0003146,Bonnes affaires Valentin du 28 juillet au 07 août,/ventes-flash/bonnes-affaires-valentin-du-28-juillet-au-07-aout/cat_id_0003146.cat
667,cat_id_0003104,Opération rentrée jusqu'au 21 août,/operation-rentree-jusquau-21-aout/cat_id_0003104.cat
668,cat_id_0003114,Opération rentrée : Jardin,/operation-rentree-jusquau-21-aout/operation-rentree-jardin/cat_id_0003114.cat
669,cat_id_0003105,"Opération rentrée : Carrelage, revêtement de sol",/operation-rentree-jusquau-21-aout/operation-rentree-carrelage-revetement-de-sol/cat_id_0003105.cat
670,cat_id_0003106,Opération rentrée : Peinture,/operation-rentree-jusquau-21-aout/operation-rentree-peinture/cat_id_0003106.cat
671,cat_id_0003107,"Opération rentrée : Décoration, luminaire",/operation-rentree-jusquau-21-aout/operation-rentree-decoration-luminaire/cat_id_0003107.cat
672,cat_id_0003108,Opération rentrée : Salle de bains,/operation-rentree-jusquau-21-aout/operation-rentree-salle-de-bains/cat_id_0003108.cat
673,cat_id_0003109,Opération rentrée : Cuisine,/operation-rentree-jusquau-21-aout/operation-rentree-cuisine/cat_id_0003109.cat
674,cat_id_0003110,"Opération rentrée : Rangement, dressing",/operation-rentree-jusquau-21-aout/operation-rentree-rangement-dressing/cat_id_0003110.cat
675,cat_id_0003111,"Opération rentrée : Chauffage, plomberie, électricité",/operation-rentree-jusquau-21-aout/operation-rentree-chauffage-plomberie-electricite/cat_id_0003111.cat
676,cat_id_0003112,Opération rentrée : Outillage,/operation-rentree-jusquau-21-aout/operation-rentree-outillage/cat_id_0003112.cat
677,cat_id_0003113,"Opération rentrée : Menuiserie, matériaux",/operation-rentree-jusquau-21-aout/operation-rentree-menuiserie-materiaux/cat_id_0003113.cat
